Question Title,Question Ref. ID,Question Text,Calculated Average,Calculated Std.,Option 0 Label,Option 0 selections,Option 1 Label,Option 1 selections,Option 2 Label,Option 2 selections,Option 3 Label,Option 3 selections,Option 4 Label,Option 4 selections,Option 5 Label,Option 5 selections,Option 6 Label,Option 6 selections,Option 7 Label,Option 7 selections,Option 8 Label,Option 8 selections,Option 9 Label,Option 9 selections,Course,Term
Respect,228,The instructor related to students in way that promoted mutual respect.,4.5,0.5270462766947299,Strongly Disagree,0.0,Disagree,0.0,Neutral,0.0,Agree,5.0,Strongly Agree,5.0,,,,,,,,,,,MATH 104,Winter 2020
Explanations,229,The instructor's explanations were clear and understandable.,4.0,1.0540925533894598,Strongly Disagree,0.0,Disagree,1.0,Neutral,2.0,Agree,3.0,Strongly Agree,4.0,,,,,,,,,,,MATH 104,Winter 2020
Helpfulness,230,The instructor was helpful to students seeking assistance.,4.636363636363637,0.5045249791095129,Strongly Disagree,0.0,Disagree,0.0,Neutral,0.0,Agree,4.0,Strongly Agree,7.0,,,,,,,,,,,MATH 104,Winter 2020
Instructor Overall,231,"Overall, I learned a great deal from the instructor.",4.2,0.7888106377466155,Strongly Disagree,0.0,Disagree,0.0,Neutral,2.0,Agree,4.0,Strongly Agree,4.0,,,,,,,,,,,MATH 104,Winter 2020
Organization,216,Course materials were presented in an organised manner.,4.363636363636363,0.504524979109513,Strongly Disagree,0.0,Disagree,0.0,Neutral,0.0,Agree,7.0,Strongly Agree,4.0,,,,,,,,,,,MATH 104,Winter 2020
Clear Expectations,217,Expectations for learning were clearly communicated.,4.363636363636363,0.6741998624632421,Strongly Disagree,0.0,Disagree,0.0,Neutral,1.0,Agree,5.0,Strongly Agree,5.0,,,,,,,,,,,MATH 104,Winter 2020
Content Usefulness,218,"The assignments, activities, and content helped me achieve the stated learning objectives.",4.2727272727272725,0.6466697906828633,Strongly Disagree,0.0,Disagree,0.0,Neutral,1.0,Agree,6.0,Strongly Agree,4.0,,,,,,,,,,,MATH 104,Winter 2020
Assignment Value,219,The assignments contributed to my learning.,4.363636363636363,0.6741998624632421,Strongly Disagree,0.0,Disagree,0.0,Neutral,1.0,Agree,5.0,Strongly Agree,5.0,,,,,,,,,,,MATH 104,Winter 2020
Feedback,220,Feedback on course assignments contributed to my learning.,4.0,1.0,Strongly Disagree,0.0,Disagree,1.0,Neutral,2.0,Agree,4.0,Strongly Agree,4.0,,,,,,,,,,,MATH 104,Winter 2020
Use of Technology,221,Technology was used effectively for learning in the course.,4.363636363636363,0.8090398349558904,Strongly Disagree,0.0,Disagree,0.0,Neutral,2.0,Agree,3.0,Strongly Agree,6.0,,,,,,,,,,,MATH 104,Winter 2020
Learning Climate,222,The general climate in the course was good for learning.,4.0,1.0,Strongly Disagree,0.0,Disagree,1.0,Neutral,2.0,Agree,4.0,Strongly Agree,4.0,,,,,,,,,,,MATH 104,Winter 2020
Course Overall,223,"Overall, I learned a great deal from this course.",4.2727272727272725,0.6466697906828633,Strongly Disagree,0.0,Disagree,0.0,Neutral,1.0,Agree,6.0,Strongly Agree,4.0,,,,,,,,,,,MATH 104,Winter 2020
Expected Grade,224,What grade do you expect in this course?,85.9090909090909,5.393598899705937,Below 50,0.0,50-60,0.0,60-70,0.0,70-80,1.0,80-90,8.0,Above 90,2.0,,,,,,,,,MATH 104,Winter 2020
Required or Elective,225,"Is this course required, or an elective?",0.45454545454545453,0.5222329678670934,Required,5.0,Elective,6.0,,,,,,,,,,,,,,,,,MATH 104,Winter 2020
Workload,226,"On average, I spent X hours per week working on this course:",7.454545454545454,4.3672333659569045,Much less than 10 hours,2.0,Less than 10 hours,3.0,Around 10 hours,5.0,More than 10 hours,1.0,Much more than 10 hours,0.0,,,,,,,,,,,MATH 104,Winter 2020
Metrics,,,,,,,,,,,,,,,,,,,,,,,,,MATH 104,Winter 2020
Metric Title,Metric Description,Metric Value,Metric Calculation,,,,,,,,,,,,,,,,,,,,,,MATH 104,Winter 2020
Course Score,Overall Course Score,4.2727272727272725,@avg(223),,,,,,,,,,,,,,,,,,,,,,MATH 104,Winter 2020
Prof Score,Overall instructor score,4.2,@avg(231),,,,,,,,,,,,,,,,,,,,,,MATH 104,Winter 2020
Organization,177,Evaluate the organization and coherence of the lectures:,4.2631578947368425,0.6533762964749498,Excellent,7.0,Good,10.0,Satisfactory,2.0,Unsatisfactory,0.0,Very poor,0.0,No opinion,0.0,,,,,,,,,MATH 114,Winter 2019
Explanations,178,At what levels were the instructor's explanations aimed?:,4.555555555555555,0.6156987634551992,Too high,0.0,Somewhat too high,6.0,Just Right,11.0,Somewhat too low,1.0,Too low,0.0,No opinion,1.0,,,,,,,,,MATH 114,Winter 2019
Questions,179,Evaluate the instructor's treatment of students' questions:,4.0,0.8164965809277259,Excellent,5.0,Good,10.0,Satisfactory,3.0,Unsatisfactory,1.0,Very poor,0.0,No opinion,0.0,,,,,,,,,MATH 114,Winter 2019
Visual Presentation,180,"Evaluate the effectiveness of the instructor's visual presentation (blackboard, overheads, etc.):",4.315789473684211,0.7492686492653552,Excellent,9.0,Good,7.0,Satisfactory,3.0,Unsatisfactory,0.0,Very poor,0.0,No opinion,0.0,,,,,,,,,MATH 114,Winter 2019
Oral Presentation,181,Evaluate the effectiveness of the instructor's oral presentation:,4.2105263157894735,0.7873265148181359,Excellent,8.0,Good,7.0,Satisfactory,4.0,Unsatisfactory,0.0,Very poor,0.0,No opinion,0.0,,,,,,,,,MATH 114,Winter 2019
Availability,182,Was the instructor available for help outside of class?:,4.2,0.6324555320336759,Available,3.0,Usually available,6.0,Sometimes available,1.0,Rarely available,0.0,Unavailable,0.0,Did not seek help,7.0,,,,,,,,,MATH 114,Winter 2019
Ability to hold Interest,184,Did you find the course interesting?,3.0,0.8164965809277259,Very interesting,2.0,Interesting,13.0,Not interesting,4.0,No opinion,0.0,,,,,,,,,,,,,MATH 114,Winter 2019
Effectiveness,185,Evaluate the overall effectiveness of the instructor as a teacher:,4.157894736842105,0.6882472016116855,Excellent,6.0,Good,10.0,Satisfactory,3.0,Unsatisfactory,0.0,Very poor,0.0,No opinion,0.0,,,,,,,,,MATH 114,Winter 2019
Attendance,187,What proportion of lectures did you attend in this course?,82.89473684210526,20.837718836662265,90-100%,15.0,75-90%,3.0,50-75%,0.0,25-50%,0.0,<25%,1.0,,,,,,,,,,,MATH 114,Winter 2019
Assigned Work,188,"Was the assigned work (assignments, projects, etc.) helpful in learning the course content?",4.111111111111111,1.0226199851298272,Very helpful,10.0,Helpful,8.0,Not helpful,0.0,No work assigned,0.0,,,,,,,,,,,,,MATH 114,Winter 2019
Printed Notes,189,Were the printed notes (if any) helpful in learning the course content?,3.2222222222222223,0.6666666666666669,Very helpful,1.0,Helpful,8.0,Not helpful,0.0,No printed notes,8.0,,,,,,,,,,,,,MATH 114,Winter 2019
Textbook,190,Was the required textbook (if any) helpful in learning the course content?,3.933333333333333,1.2227992865708153,Very helpful,8.0,Helpful,5.0,Not helpful,2.0,No text required,1.0,,,,,,,,,,,,,MATH 114,Winter 2019
New Material,191,Did the course introduce an appropriate amount of new material?,4.722222222222222,0.460888598962477,Too much,0.0,Somewhat too much,5.0,Right amount,13.0,Somewhat too little,0.0,Too little,0.0,No opinion,1.0,,,,,,,,,MATH 114,Winter 2019
Assigned Work Amount,192,Was the amount of assigned work required for the course appropriate?,4.882352941176471,0.3321055820775359,Too much,0.0,Somewhat too much,2.0,Right amount,15.0,Somewhat too little,0.0,Too little,0.0,No opinion,1.0,,,,,,,,,MATH 114,Winter 2019
Hours Per Week,193,"On average, how many hours per week did you spend on this course outside of lectures?",4.184210526315789,2.0963627649109933,0-2 hours,4.0,3-6 hours,13.0,7-10 hours,2.0,11-15 houts,0.0,> 15 hours,0.0,,,,,,,,,,,MATH 114,Winter 2019
Metrics,,,,,,,,,,,,,,,,,,,,,,,,,MATH 114,Winter 2019
Metric Title,Metric Description,Metric Value,Metric Calculation,,,,,,,,,,,,,,,,,,,,,,MATH 114,Winter 2019
Tompa Score,Computed Tompa Score (also acts as evaluate prof score),4.085438596491228,(@avg(177)*0.8+@avg(188)*0.2)*0.25 + ((@avg(178)+@avg(179)+@avg(180)+@avg(181)+@avg(182))/5.0)*0.25 + (@avg(184)*0.2+@avg(185)*0.8)*0.5,,,,,,,,,,,,,,,,,,,,,,MATH 114,Winter 2019
Effectiveness,Computed effectiveness score,3.9263157894736844,@avg(184)*0.2+@avg(185)*0.8,,,,,,,,,,,,,,,,,,,,,,MATH 114,Winter 2019
Delivery,Computed delivery score,4.256374269005848,(@avg(178)+@avg(179)+@avg(180)+@avg(181)+@avg(182))/5.0,,,,,,,,,,,,,,,,,,,,,,MATH 114,Winter 2019
Prep,Computed prep score,4.2327485380116965,@avg(177)*0.8+@avg(188)*0.2,,,,,,,,,,,,,,,,,,,,,,MATH 114,Winter 2019
Attendance Percentage,Average response for attendance,82.89473684210526,@avg(187),,,,,,,,,,,,,,,,,,,,,,MATH 114,Winter 2019
Hours/Week,Average time spent per week on work,4.184210526315789,@avg(193),,,,,,,,,,,,,,,,,,,,,,MATH 114,Winter 2019
Q1,54,Rate your professor's presentation of lectures in terms of organization and clarity.,4.604591836734694,0.7312285501195872,(A) Organized,71.0,(B),25.0,(C),0.0,(D),2.0,(E) Disorganized,0.0,,,,,,,,,,,MATH 115,Fall 2017
Q2,55,How would you rate the professor's response to questions?,4.4770408163265305,0.8404149799492145,(A) Clear,65.0,(B),27.0,(C),4.0,(D),2.0,(E) Vague,0.0,,,,,,,,,,,MATH 115,Fall 2017
Q3,56,"Rate your professor's oral presentation in terms of audibility, articulation, and your ability to understand his/her English.",4.668367346938775,0.7302163129272404,(A) Excellent,77.0,(B),18.0,(C),1.0,(D),2.0,(E) Unacceptable,0.0,,,,,,,,,,,MATH 115,Fall 2017
Q4,57,"Rate your professor's visual presentation. Consider organization, legibility and effective use of materials (blackboard, electronic media, etc.).",4.464285714285714,0.8608015923796258,(A) Excellent,65.0,(B),26.0,(C),5.0,(D),2.0,(E) Unacceptable,0.0,,,,,,,,,,,MATH 115,Fall 2017
Q5,58,Describe the availability and approachability of your professor outside of class compared to other courses you've taken at university. (Do not answer if you did not seek help.).,4.264705882352941,0.941291353282662,(A) Volunteering assistance with pleasure,28.0,(B),17.0,(C),5.0,(D),1.0,(E) Discouraging out-of-class contact,0.0,,,,,,,,,,,MATH 115,Fall 2017
Q6,59,"At what level were the professor's explanations usually directed, in relation to your general level of understanding? *Note that (C) is the best rating",4.072164948453608,1.2536191164684989,(A) Far too high,2.0,(B),30.0,(C),62.0,(D),3.0,(E) Far too low	,0.0,,,,,,,,,,,MATH 115,Fall 2017
Q7,60,"Were students encouraged by the professor to think and reason logically and objectively on their own, about the subject matter? ",4.260204081632653,0.9967203741837856,(A) A great deal,56.0,(B),29.0,(C),10.0,(D),3.0,(E) Not at all,0.0,,,,,,,,,,,MATH 115,Fall 2017
Q8,61,What was your impression of your professor's attitude towards teaching the course?,4.61734693877551,0.6813079462092394,(A) Obviously enthusiastic & responsible,72.0,(B),22.0,(C),4.0,(D),0.0,(E) Views teaching as an imposition,0.0,,,,,,,,,,,MATH 115,Fall 2017
Q9,62,Describe your professor-class relationship?,4.548969072164948,0.8304422573445459,(A) Friendly & open,71.0,(B),18.0,(C),7.0,(D),1.0,(E) Mutual dislike,0.0,,,,,,,,,,,MATH 115,Fall 2017
Q10,63,What is your overall appraisal of the quality of teaching in this course?,4.471649484536083,0.7402810282987851,(A) Very high,60.0,(B),34.0,(C),2.0,(D),1.0,(E) Very Low	,0.0,,,,,,,,,,,MATH 115,Fall 2017
Q11,65,Rate the difficulty of the concepts covered by this course. *Note that (C) is the best rating,3.4278350515463916,1.3292378978855737,(A) Very Easy,0.0,(B),19.0,(C),39.0,(D),33.0,(E) Very Difficult,6.0,,,,,,,,,,,MATH 115,Fall 2017
Q12,66,Rate the workload required to complete this course. *Note that (C) is the best rating,3.710526315789474,1.3330475150914904,(A) Very little,2.0,(B),12.0,(C),48.0,(D),31.0,(E) Very heavy,2.0,,,,,,,,,,,MATH 115,Fall 2017
Q13,67,How useful was the textbook (or reading materials) for understanding of the concepts?,3.4693877551020407,1.496673849234541,(A) Very useful,36.0,(B),26.0,(C),17.0,(D),16.0,(E) Totally useless,3.0,,,,,,,,,,,MATH 115,Fall 2017
Q14,68,To what extent did the assignments contribute to your better understanding of the concepts.,3.9973958333333335,1.0671499128067752,(A) Very useful,43.0,(B),32.0,(C),18.0,(D),3.0,(E) Totally useless,0.0,,,,,,,,,,,MATH 115,Fall 2017
Q15,69,How well did the tests reflect the course material?,4.0688775510204085,1.1253754311963329,(A) Very closely,49.0,(B),30.0,(C),15.0,(D),3.0,(E) Not at all,1.0,,,,,,,,,,,MATH 115,Fall 2017
Q16,70,How valuable do you feel tutorials are (or would be) in the instruction of this course?,3.949468085106383,1.2473519193870042,(A) Very valuable,44.0,(B),30.0,(C),13.0,(D),5.0,(E) Not valuable at all,2.0,,,,,,,,,,,MATH 115,Fall 2017
Q17,71,What is your overall appraisal of this course?,4.260204081632653,0.8193207893489932,(A) Excellent,48.0,(B),43.0,(C),6.0,(D),1.0,(E) Poor,0.0,,,,,,,,,,,MATH 115,Fall 2017
Q18,72,How many classes did you attend?,4.591836734693878,0.7351517788988161,(A) All classes attended,72.0,(B),20.0,(C),6.0,(D),0.0,(E) No classes attended,0.0,,,,,,,,,,,MATH 115,Fall 2017
Metrics,,,,,,,,,,,,,,,,,,,,,,,,,MATH 115,Fall 2017
Metric Title,Metric Description,Metric Value,Metric Calculation,,,,,,,,,,,,,,,,,,,,,,MATH 115,Fall 2017
Q1,54,Rate your professor's presentation of lectures in terms of organization and clarity.,4.2450495049504955,1.0167227977795874,(A) Organized,57.0,(B),30.0,(C),12.0,(D),1.0,(E) Disorganized,1.0,,,,,,,,,,,MATH 115,Fall 2018
Q2,55,How would you rate the professor's response to questions?,4.26980198019802,0.8152324578891844,(A) Clear,50.0,(B),44.0,(C),6.0,(D),1.0,(E) Vague,0.0,,,,,,,,,,,MATH 115,Fall 2018
Q3,56,"Rate your professor's oral presentation in terms of audibility, articulation, and your ability to understand his/her English.",4.492574257425742,0.7741571590644197,(A) Excellent,67.0,(B),27.0,(C),7.0,(D),0.0,(E) Unacceptable,0.0,,,,,,,,,,,MATH 115,Fall 2018
Q4,57,"Rate your professor's visual presentation. Consider organization, legibility and effective use of materials (blackboard, electronic media, etc.).",4.430693069306931,0.8574080212194691,(A) Excellent,64.0,(B),30.0,(C),5.0,(D),2.0,(E) Unacceptable,0.0,,,,,,,,,,,MATH 115,Fall 2018
Q5,58,Describe the availability and approachability of your professor outside of class compared to other courses you've taken at university. (Do not answer if you did not seek help.).,4.115384615384615,0.9302605094190634,(A) Volunteering assistance with pleasure,29.0,(B),27.0,(C),8.0,(D),1.0,(E) Discouraging out-of-class contact,0.0,,,,,,,,,,,MATH 115,Fall 2018
Q6,59,"At what level were the professor's explanations usually directed, in relation to your general level of understanding? *Note that (C) is the best rating",3.4625,1.3859754796903998,(A) Far too high,9.0,(B),41.0,(C),43.0,(D),7.0,(E) Far too low	,0.0,,,,,,,,,,,MATH 115,Fall 2018
Q7,60,"Were students encouraged by the professor to think and reason logically and objectively on their own, about the subject matter? ",3.8875,1.0791732479031806,(A) A great deal,39.0,(B),37.0,(C),20.0,(D),4.0,(E) Not at all,0.0,,,,,,,,,,,MATH 115,Fall 2018
Q8,61,What was your impression of your professor's attitude towards teaching the course?,4.22029702970297,0.8450496499561949,(A) Obviously enthusiastic & responsible,48.0,(B),44.0,(C),8.0,(D),1.0,(E) Views teaching as an imposition,0.0,,,,,,,,,,,MATH 115,Fall 2018
Q9,62,Describe your professor-class relationship?,4.35,0.7841549527351018,(A) Friendly & open,55.0,(B),38.0,(C),7.0,(D),0.0,(E) Mutual dislike,0.0,,,,,,,,,,,MATH 115,Fall 2018
Q10,63,What is your overall appraisal of the quality of teaching in this course?,3.8613861386138613,0.9535953331502524,(A) Very high,32.0,(B),48.0,(C),19.0,(D),2.0,(E) Very Low	,0.0,,,,,,,,,,,MATH 115,Fall 2018
Q11,65,Rate the difficulty of the concepts covered by this course. *Note that (C) is the best rating,2.4875,1.1983653639247709,(A) Very Easy,0.0,(B),3.0,(C),15.0,(D),51.0,(E) Very Difficult,31.0,,,,,,,,,,,MATH 115,Fall 2018
Q12,66,Rate the workload required to complete this course. *Note that (C) is the best rating,2.9455445544554455,1.4316092171032744,(A) Very little,0.0,(B),2.0,(C),30.0,(D),45.0,(E) Very heavy,24.0,,,,,,,,,,,MATH 115,Fall 2018
Q13,67,How useful was the textbook (or reading materials) for understanding of the concepts?,2.197802197802198,1.4594122121196624,(A) Very useful,5.0,(B),23.0,(C),23.0,(D),25.0,(E) Totally useless,15.0,,,,,,,,,,,MATH 115,Fall 2018
Q14,68,To what extent did the assignments contribute to your better understanding of the concepts.,4.381188118811881,0.877207258438635,(A) Very useful,61.0,(B),32.0,(C),6.0,(D),2.0,(E) Totally useless,0.0,,,,,,,,,,,MATH 115,Fall 2018
Q15,69,How well did the tests reflect the course material?,4.084158415841584,0.9982968169104148,(A) Very closely,46.0,(B),39.0,(C),13.0,(D),3.0,(E) Not at all,0.0,,,,,,,,,,,MATH 115,Fall 2018
Q16,70,How valuable do you feel tutorials are (or would be) in the instruction of this course?,2.5866336633663365,1.6513008673332206,(A) Very valuable,19.0,(B),19.0,(C),28.0,(D),20.0,(E) Not valuable at all,15.0,,,,,,,,,,,MATH 115,Fall 2018
Q17,71,What is your overall appraisal of this course?,3.6881188118811883,1.0364639046983617,(A) Excellent,24.0,(B),54.0,(C),19.0,(D),2.0,(E) Poor,2.0,,,,,,,,,,,MATH 115,Fall 2018
Q18,72,How many classes did you attend?,4.876237623762377,0.4842826684595445,(A) All classes attended,93.0,(B),7.0,(C),0.0,(D),1.0,(E) No classes attended,0.0,,,,,,,,,,,MATH 115,Fall 2018
Metrics,,,,,,,,,,,,,,,,,,,,,,,,,MATH 115,Fall 2018
Metric Title,Metric Description,Metric Value,Metric Calculation,,,,,,,,,,,,,,,,,,,,,,MATH 115,Fall 2018
Organization,177,Evaluate the organization and coherence of the lectures:,4.5,0.7223151185146152,Excellent,15.0,Good,6.0,Satisfactory,3.0,Unsatisfactory,0.0,Very poor,0.0,No opinion,0.0,,,,,,,,,MATH 135,Winter 2016
Explanations,178,At what levels were the instructor's explanations aimed?:,4.0,1.1420804814403216,Too high,5.0,Somewhat too high,9.0,Just Right,10.0,Somewhat too low,0.0,Too low,0.0,No opinion,0.0,,,,,,,,,MATH 135,Winter 2016
Questions,179,Evaluate the instructor's treatment of students' questions:,4.541666666666667,0.6580053301400786,Excellent,15.0,Good,7.0,Satisfactory,2.0,Unsatisfactory,0.0,Very poor,0.0,No opinion,0.0,,,,,,,,,MATH 135,Winter 2016
Visual Presentation,180,"Evaluate the effectiveness of the instructor's visual presentation (blackboard, overheads, etc.):",4.041666666666667,0.8064504441319252,Excellent,7.0,Good,12.0,Satisfactory,4.0,Unsatisfactory,1.0,Very poor,0.0,No opinion,0.0,,,,,,,,,MATH 135,Winter 2016
Oral Presentation,181,Evaluate the effectiveness of the instructor's oral presentation:,4.333333333333333,0.8681147322824311,Excellent,13.0,Good,7.0,Satisfactory,3.0,Unsatisfactory,1.0,Very poor,0.0,No opinion,0.0,,,,,,,,,MATH 135,Winter 2016
Availability,182,Was the instructor available for help outside of class?:,4.2,0.7677718959499145,Available,7.0,Usually available,11.0,Sometimes available,1.0,Rarely available,1.0,Unavailable,0.0,Did not seek help,3.0,,,,,,,,,MATH 135,Winter 2016
Ability to hold Interest,184,Did you find the course interesting?,3.4583333333333335,1.178767472245136,Very interesting,8.0,Interesting,11.0,Not interesting,5.0,No opinion,0.0,,,,,,,,,,,,,MATH 135,Winter 2016
Effectiveness,185,Evaluate the overall effectiveness of the instructor as a teacher:,4.375,0.8242255917447338,Excellent,13.0,Good,8.0,Satisfactory,2.0,Unsatisfactory,1.0,Very poor,0.0,No opinion,0.0,,,,,,,,,MATH 135,Winter 2016
Attendance,187,What proportion of lectures did you attend in this course?,83.95833333333333,9.99773525079193,90-100%,16.0,75-90%,7.0,50-75%,1.0,25-50%,0.0,<25%,0.0,,,,,,,,,,,MATH 135,Winter 2016
Assigned Work,188,"Was the assigned work (assignments, projects, etc.) helpful in learning the course content?",4.041666666666667,1.0826363421183325,Very helpful,13.0,Helpful,10.0,Not helpful,1.0,No work assigned,0.0,,,,,,,,,,,,,MATH 135,Winter 2016
Printed Notes,189,Were the printed notes (if any) helpful in learning the course content?,3.736842105263158,1.147078669352809,Very helpful,8.0,Helpful,9.0,Not helpful,2.0,No printed notes,3.0,,,,,,,,,,,,,MATH 135,Winter 2016
Textbook,190,Was the required textbook (if any) helpful in learning the course content?,4.086956521739131,1.2027636160965025,Very helpful,14.0,Helpful,6.0,Not helpful,3.0,No text required,1.0,,,,,,,,,,,,,MATH 135,Winter 2016
New Material,191,Did the course introduce an appropriate amount of new material?,4.25,0.9890707100936804,Too much,3.0,Somewhat too much,9.0,Right amount,12.0,Somewhat too little,0.0,Too little,0.0,No opinion,0.0,,,,,,,,,MATH 135,Winter 2016
Assigned Work Amount,192,Was the amount of assigned work required for the course appropriate?,4.208333333333333,1.1412870944175515,Too much,4.0,Somewhat too much,5.0,Right amount,14.0,Somewhat too little,1.0,Too little,0.0,No opinion,0.0,,,,,,,,,MATH 135,Winter 2016
Hours Per Week,193,"On average, how many hours per week did you spend on this course outside of lectures?",7.458333333333333,4.190871722816323,0-2 hours,2.0,3-6 hours,10.0,7-10 hours,6.0,11-15 houts,5.0,> 15 hours,1.0,,,,,,,,,,,MATH 135,Winter 2016
Metrics,,,,,,,,,,,,,,,,,,,,,,,,,MATH 135,Winter 2016
Metric Title,Metric Description,Metric Value,Metric Calculation,,,,,,,,,,,,,,,,,,,,,,MATH 135,Winter 2016
Tompa Score,Computed Tompa Score (also acts as evaluate prof score),4.25375,(@avg(177)*0.8+@avg(188)*0.2)*0.25 + ((@avg(178)+@avg(179)+@avg(180)+@avg(181)+@avg(182))/5.0)*0.25 + (@avg(184)*0.2+@avg(185)*0.8)*0.5,,,,,,,,,,,,,,,,,,,,,,MATH 135,Winter 2016
Effectiveness,Computed effectiveness score,4.191666666666666,@avg(184)*0.2+@avg(185)*0.8,,,,,,,,,,,,,,,,,,,,,,MATH 135,Winter 2016
Delivery,Computed delivery score,4.223333333333334,(@avg(178)+@avg(179)+@avg(180)+@avg(181)+@avg(182))/5.0,,,,,,,,,,,,,,,,,,,,,,MATH 135,Winter 2016
Prep,Computed prep score,4.408333333333333,@avg(177)*0.8+@avg(188)*0.2,,,,,,,,,,,,,,,,,,,,,,MATH 135,Winter 2016
Attendance Percentage,Average response for attendance,83.95833333333333,@avg(187),,,,,,,,,,,,,,,,,,,,,,MATH 135,Winter 2016
Hours/Week,Average time spent per week on work,7.458333333333333,@avg(193),,,,,,,,,,,,,,,,,,,,,,MATH 135,Winter 2016
Organization,177,Evaluate the organization and coherence of the lectures:,3.6,1.1626367179523596,Excellent,7.0,Good,12.0,Satisfactory,4.0,Unsatisfactory,6.0,Very poor,1.0,No opinion,0.0,,,,,,,,,MATH 135,Spring 2016
Explanations,178,At what levels were the instructor's explanations aimed?:,4.366666666666666,1.0661996103898197,Too high,2.0,Somewhat too high,7.0,Just Right,19.0,Somewhat too low,1.0,Too low,1.0,No opinion,0.0,,,,,,,,,MATH 135,Spring 2016
Questions,179,Evaluate the instructor's treatment of students' questions:,3.8666666666666667,1.0080138659874616,Excellent,8.0,Good,14.0,Satisfactory,5.0,Unsatisfactory,2.0,Very poor,1.0,No opinion,0.0,,,,,,,,,MATH 135,Spring 2016
Visual Presentation,180,"Evaluate the effectiveness of the instructor's visual presentation (blackboard, overheads, etc.):",3.5172413793103448,1.0562970921090475,Excellent,6.0,Good,8.0,Satisfactory,11.0,Unsatisfactory,3.0,Very poor,1.0,No opinion,1.0,,,,,,,,,MATH 135,Spring 2016
Oral Presentation,181,Evaluate the effectiveness of the instructor's oral presentation:,3.7333333333333334,1.0806553992619587,Excellent,8.0,Good,11.0,Satisfactory,7.0,Unsatisfactory,3.0,Very poor,1.0,No opinion,0.0,,,,,,,,,MATH 135,Spring 2016
Availability,182,Was the instructor available for help outside of class?:,3.4166666666666665,1.0179547554081032,Available,4.0,Usually available,6.0,Sometimes available,11.0,Rarely available,2.0,Unavailable,1.0,Did not seek help,5.0,,,,,,,,,MATH 135,Spring 2016
Ability to hold Interest,184,Did you find the course interesting?,3.033333333333333,0.8899179866642242,Very interesting,4.0,Interesting,19.0,Not interesting,7.0,No opinion,0.0,,,,,,,,,,,,,MATH 135,Spring 2016
Effectiveness,185,Evaluate the overall effectiveness of the instructor as a teacher:,3.6,1.1919268665368752,Excellent,8.0,Good,10.0,Satisfactory,5.0,Unsatisfactory,6.0,Very poor,1.0,No opinion,0.0,,,,,,,,,MATH 135,Spring 2016
Attendance,187,What proportion of lectures did you attend in this course?,78.5,15.76497645918384,90-100%,17.0,75-90%,7.0,50-75%,6.0,25-50%,0.0,<25%,0.0,,,,,,,,,,,MATH 135,Spring 2016
Assigned Work,188,"Was the assigned work (assignments, projects, etc.) helpful in learning the course content?",3.2222222222222223,0.9336995618478524,Very helpful,5.0,Helpful,18.0,Not helpful,4.0,No work assigned,1.0,,,,,,,,,,,,,MATH 135,Spring 2016
Printed Notes,189,Were the printed notes (if any) helpful in learning the course content?,3.782608695652174,1.1263989983825946,Very helpful,10.0,Helpful,11.0,Not helpful,2.0,No printed notes,6.0,,,,,,,,,,,,,MATH 135,Spring 2016
Textbook,190,Was the required textbook (if any) helpful in learning the course content?,3.6363636363636362,1.0930714500000425,Very helpful,8.0,Helpful,12.0,Not helpful,2.0,No text required,6.0,,,,,,,,,,,,,MATH 135,Spring 2016
New Material,191,Did the course introduce an appropriate amount of new material?,3.9655172413793105,1.2672455681710872,Too much,5.0,Somewhat too much,7.0,Right amount,14.0,Somewhat too little,2.0,Too little,1.0,No opinion,1.0,,,,,,,,,MATH 135,Spring 2016
Assigned Work Amount,192,Was the amount of assigned work required for the course appropriate?,4.310344827586207,1.1371470653683549,Too much,3.0,Somewhat too much,7.0,Right amount,18.0,Somewhat too little,0.0,Too little,1.0,No opinion,1.0,,,,,,,,,MATH 135,Spring 2016
Hours Per Week,193,"On average, how many hours per week did you spend on this course outside of lectures?",6.566666666666666,2.9992336185850172,0-2 hours,1.0,3-6 hours,16.0,7-10 hours,10.0,11-15 houts,3.0,> 15 hours,0.0,,,,,,,,,,,MATH 135,Spring 2016
Metrics,,,,,,,,,,,,,,,,,,,,,,,,,MATH 135,Spring 2016
Metric Title,Metric Description,Metric Value,Metric Calculation,,,,,,,,,,,,,,,,,,,,,,MATH 135,Spring 2016
Tompa Score,Computed Tompa Score (also acts as evaluate prof score),3.5694731800766286,(@avg(177)*0.8+@avg(188)*0.2)*0.25 + ((@avg(178)+@avg(179)+@avg(180)+@avg(181)+@avg(182))/5.0)*0.25 + (@avg(184)*0.2+@avg(185)*0.8)*0.5,,,,,,,,,,,,,,,,,,,,,,MATH 135,Spring 2016
Effectiveness,Computed effectiveness score,3.4866666666666672,@avg(184)*0.2+@avg(185)*0.8,,,,,,,,,,,,,,,,,,,,,,MATH 135,Spring 2016
Delivery,Computed delivery score,3.7801149425287357,(@avg(178)+@avg(179)+@avg(180)+@avg(181)+@avg(182))/5.0,,,,,,,,,,,,,,,,,,,,,,MATH 135,Spring 2016
Prep,Computed prep score,3.5244444444444447,@avg(177)*0.8+@avg(188)*0.2,,,,,,,,,,,,,,,,,,,,,,MATH 135,Spring 2016
Attendance Percentage,Average response for attendance,78.5,@avg(187),,,,,,,,,,,,,,,,,,,,,,MATH 135,Spring 2016
Hours/Week,Average time spent per week on work,6.566666666666666,@avg(193),,,,,,,,,,,,,,,,,,,,,,MATH 135,Spring 2016
Organization,177,Evaluate the organization and coherence of the lectures:,4.290322580645161,0.6925098500910425,Excellent,13.0,Good,14.0,Satisfactory,4.0,Unsatisfactory,0.0,Very poor,0.0,No opinion,0.0,,,,,,,,,MATH 135,Fall 2016
Explanations,178,At what levels were the instructor's explanations aimed?:,4.40625,0.7975516971817058,Too high,2.0,Somewhat too high,13.0,Just Right,17.0,Somewhat too low,0.0,Too low,0.0,No opinion,0.0,,,,,,,,,MATH 135,Fall 2016
Questions,179,Evaluate the instructor's treatment of students' questions:,4.34375,0.8654432017665117,Excellent,18.0,Good,8.0,Satisfactory,5.0,Unsatisfactory,1.0,Very poor,0.0,No opinion,0.0,,,,,,,,,MATH 135,Fall 2016
Visual Presentation,180,"Evaluate the effectiveness of the instructor's visual presentation (blackboard, overheads, etc.):",4.34375,0.7873751821205408,Excellent,16.0,Good,12.0,Satisfactory,3.0,Unsatisfactory,1.0,Very poor,0.0,No opinion,0.0,,,,,,,,,MATH 135,Fall 2016
Oral Presentation,181,Evaluate the effectiveness of the instructor's oral presentation:,4.34375,0.745280852019624,Excellent,16.0,Good,11.0,Satisfactory,5.0,Unsatisfactory,0.0,Very poor,0.0,No opinion,0.0,,,,,,,,,MATH 135,Fall 2016
Availability,182,Was the instructor available for help outside of class?:,4.28,0.7916228058025279,Available,12.0,Usually available,8.0,Sometimes available,5.0,Rarely available,0.0,Unavailable,0.0,Did not seek help,6.0,,,,,,,,,MATH 135,Fall 2016
Ability to hold Interest,184,Did you find the course interesting?,3.34375,1.1247759633553411,Very interesting,9.0,Interesting,16.0,Not interesting,7.0,No opinion,0.0,,,,,,,,,,,,,MATH 135,Fall 2016
Effectiveness,185,Evaluate the overall effectiveness of the instructor as a teacher:,4.1875,0.8957786304878621,Excellent,13.0,Good,14.0,Satisfactory,4.0,Unsatisfactory,0.0,Very poor,1.0,No opinion,0.0,,,,,,,,,MATH 135,Fall 2016
Attendance,187,What proportion of lectures did you attend in this course?,80.80645161290323,19.497725260208707,90-100%,22.0,75-90%,5.0,50-75%,3.0,25-50%,0.0,<25%,1.0,,,,,,,,,,,MATH 135,Fall 2016
Assigned Work,188,"Was the assigned work (assignments, projects, etc.) helpful in learning the course content?",3.7096774193548385,1.1602743464973209,Very helpful,13.0,Helpful,14.0,Not helpful,4.0,No work assigned,0.0,,,,,,,,,,,,,MATH 135,Fall 2016
Printed Notes,189,Were the printed notes (if any) helpful in learning the course content?,4.0,1.1055415967851334,Very helpful,10.0,Helpful,8.0,Not helpful,1.0,No printed notes,9.0,,,,,,,,,,,,,MATH 135,Fall 2016
Textbook,190,Was the required textbook (if any) helpful in learning the course content?,3.6333333333333333,0.9994251221140296,Very helpful,10.0,Helpful,19.0,Not helpful,1.0,No text required,1.0,,,,,,,,,,,,,MATH 135,Fall 2016
New Material,191,Did the course introduce an appropriate amount of new material?,3.84375,1.1670026397957816,Too much,8.0,Somewhat too much,13.0,Right amount,11.0,Somewhat too little,0.0,Too little,0.0,No opinion,0.0,,,,,,,,,MATH 135,Fall 2016
Assigned Work Amount,192,Was the amount of assigned work required for the course appropriate?,4.28125,0.9240295694193396,Too much,3.0,Somewhat too much,12.0,Right amount,16.0,Somewhat too little,1.0,Too little,0.0,No opinion,0.0,,,,,,,,,MATH 135,Fall 2016
Hours Per Week,193,"On average, how many hours per week did you spend on this course outside of lectures?",9.112903225806452,3.6095006058533787,0-2 hours,0.0,3-6 hours,8.0,7-10 hours,13.0,11-15 houts,8.0,> 15 hours,2.0,,,,,,,,,,,MATH 135,Fall 2016
Metrics,,,,,,,,,,,,,,,,,,,,,,,,,MATH 135,Fall 2016
Metric Title,Metric Description,Metric Value,Metric Calculation,,,,,,,,,,,,,,,,,,,,,,MATH 135,Fall 2016
Tompa Score,Computed Tompa Score (also acts as evaluate prof score),4.138798387096774,(@avg(177)*0.8+@avg(188)*0.2)*0.25 + ((@avg(178)+@avg(179)+@avg(180)+@avg(181)+@avg(182))/5.0)*0.25 + (@avg(184)*0.2+@avg(185)*0.8)*0.5,,,,,,,,,,,,,,,,,,,,,,MATH 135,Fall 2016
Effectiveness,Computed effectiveness score,4.01875,@avg(184)*0.2+@avg(185)*0.8,,,,,,,,,,,,,,,,,,,,,,MATH 135,Fall 2016
Delivery,Computed delivery score,4.343500000000001,(@avg(178)+@avg(179)+@avg(180)+@avg(181)+@avg(182))/5.0,,,,,,,,,,,,,,,,,,,,,,MATH 135,Fall 2016
Prep,Computed prep score,4.174193548387096,@avg(177)*0.8+@avg(188)*0.2,,,,,,,,,,,,,,,,,,,,,,MATH 135,Fall 2016
Attendance Percentage,Average response for attendance,80.80645161290323,@avg(187),,,,,,,,,,,,,,,,,,,,,,MATH 135,Fall 2016
Hours/Week,Average time spent per week on work,9.112903225806452,@avg(193),,,,,,,,,,,,,,,,,,,,,,MATH 135,Fall 2016
Organization,177,Evaluate the organization and coherence of the lectures:,4.0476190476190474,0.9928025550771696,Excellent,30.0,Good,38.0,Satisfactory,9.0,Unsatisfactory,4.0,Very poor,3.0,No opinion,2.0,,,,,,,,,MATH 136,Winter 2017
Explanations,178,At what levels were the instructor's explanations aimed?:,4.573170731707317,0.8319319743807113,Too high,1.0,Somewhat too high,18.0,Just Right,58.0,Somewhat too low,3.0,Too low,2.0,No opinion,4.0,,,,,,,,,MATH 136,Winter 2017
Questions,179,Evaluate the instructor's treatment of students' questions:,4.2,0.9332127709956431,Excellent,38.0,Good,25.0,Satisfactory,13.0,Unsatisfactory,3.0,Very poor,1.0,No opinion,5.0,,,,,,,,,MATH 136,Winter 2017
Visual Presentation,180,"Evaluate the effectiveness of the instructor's visual presentation (blackboard, overheads, etc.):",4.182926829268292,0.9444842969433312,Excellent,39.0,Good,24.0,Satisfactory,15.0,Unsatisfactory,3.0,Very poor,1.0,No opinion,3.0,,,,,,,,,MATH 136,Winter 2017
Oral Presentation,181,Evaluate the effectiveness of the instructor's oral presentation:,4.0476190476190474,0.9682273195295716,Excellent,31.0,Good,34.0,Satisfactory,13.0,Unsatisfactory,4.0,Very poor,2.0,No opinion,2.0,,,,,,,,,MATH 136,Winter 2017
Availability,182,Was the instructor available for help outside of class?:,4.052631578947368,0.9528351047490357,Available,24.0,Usually available,15.0,Sometimes available,15.0,Rarely available,3.0,Unavailable,0.0,Did not seek help,27.0,,,,,,,,,MATH 136,Winter 2017
Ability to hold Interest,184,Did you find the course interesting?,3.185185185185185,0.9098229375970792,Very interesting,14.0,Interesting,54.0,Not interesting,13.0,No opinion,5.0,,,,,,,,,,,,,MATH 136,Winter 2017
Effectiveness,185,Evaluate the overall effectiveness of the instructor as a teacher:,3.9759036144578315,0.9103189418892624,Excellent,26.0,Good,35.0,Satisfactory,17.0,Unsatisfactory,4.0,Very poor,1.0,No opinion,3.0,,,,,,,,,MATH 136,Winter 2017
Attendance,187,What proportion of lectures did you attend in this course?,79.59770114942529,20.291744093960137,90-100%,60.0,75-90%,14.0,50-75%,8.0,25-50%,3.0,<25%,2.0,,,,,,,,,,,MATH 136,Winter 2017
Assigned Work,188,"Was the assigned work (assignments, projects, etc.) helpful in learning the course content?",3.9642857142857144,1.0915494521735825,Very helpful,43.0,Helpful,36.0,Not helpful,5.0,No work assigned,0.0,,,,,,,,,,,,,MATH 136,Winter 2017
Printed Notes,189,Were the printed notes (if any) helpful in learning the course content?,4.181818181818182,0.9947005456295313,Very helpful,26.0,Helpful,18.0,Not helpful,0.0,No printed notes,35.0,,,,,,,,,,,,,MATH 136,Winter 2017
Textbook,190,Was the required textbook (if any) helpful in learning the course content?,4.0,1.0481371805712143,Very helpful,37.0,Helpful,33.0,Not helpful,2.0,No text required,6.0,,,,,,,,,,,,,MATH 136,Winter 2017
New Material,191,Did the course introduce an appropriate amount of new material?,4.329268292682927,1.019015235699237,Too much,11.0,Somewhat too much,22.0,Right amount,49.0,Somewhat too little,0.0,Too little,0.0,No opinion,3.0,,,,,,,,,MATH 136,Winter 2017
Assigned Work Amount,192,Was the amount of assigned work required for the course appropriate?,4.714285714285714,0.6319110157622289,Too much,2.0,Somewhat too much,14.0,Right amount,66.0,Somewhat too little,2.0,Too little,0.0,No opinion,2.0,,,,,,,,,MATH 136,Winter 2017
Hours Per Week,193,"On average, how many hours per week did you spend on this course outside of lectures?",6.738372093023256,2.9242663677116854,0-2 hours,2.0,3-6 hours,42.0,7-10 hours,37.0,11-15 houts,2.0,> 15 hours,3.0,,,,,,,,,,,MATH 136,Winter 2017
Metrics,,,,,,,,,,,,,,,,,,,,,,,,,MATH 136,Winter 2017
Metric Title,Metric Description,Metric Value,Metric Calculation,,,,,,,,,,,,,,,,,,,,,,MATH 136,Winter 2017
Tompa Score,Computed Tompa Score (also acts as evaluate prof score),3.969435468916848,(@avg(177)*0.8+@avg(188)*0.2)*0.25 + ((@avg(178)+@avg(179)+@avg(180)+@avg(181)+@avg(182))/5.0)*0.25 + (@avg(184)*0.2+@avg(185)*0.8)*0.5,,,,,,,,,,,,,,,,,,,,,,MATH 136,Winter 2017
Effectiveness,Computed effectiveness score,3.8177599286033024,@avg(184)*0.2+@avg(185)*0.8,,,,,,,,,,,,,,,,,,,,,,MATH 136,Winter 2017
Delivery,Computed delivery score,4.211269637508406,(@avg(178)+@avg(179)+@avg(180)+@avg(181)+@avg(182))/5.0,,,,,,,,,,,,,,,,,,,,,,MATH 136,Winter 2017
Prep,Computed prep score,4.030952380952381,@avg(177)*0.8+@avg(188)*0.2,,,,,,,,,,,,,,,,,,,,,,MATH 136,Winter 2017
Attendance Percentage,Average response for attendance,79.59770114942529,@avg(187),,,,,,,,,,,,,,,,,,,,,,MATH 136,Winter 2017
Hours/Week,Average time spent per week on work,6.738372093023256,@avg(193),,,,,,,,,,,,,,,,,,,,,,MATH 136,Winter 2017
Organization,177,Evaluate the organization and coherence of the lectures:,4.163265306122449,0.8457763779299696,Excellent,38.0,Good,43.0,Satisfactory,13.0,Unsatisfactory,3.0,Very poor,1.0,No opinion,1.0,,,,,,,,,MATH 136,Winter 2018
Explanations,178,At what levels were the instructor's explanations aimed?:,4.428571428571429,0.994832006747613,Too high,5.0,Somewhat too high,15.0,Just Right,67.0,Somewhat too low,9.0,Too low,2.0,No opinion,1.0,,,,,,,,,MATH 136,Winter 2018
Questions,179,Evaluate the instructor's treatment of students' questions:,4.329896907216495,0.7868932779785548,Excellent,50.0,Good,30.0,Satisfactory,16.0,Unsatisfactory,1.0,Very poor,0.0,No opinion,2.0,,,,,,,,,MATH 136,Winter 2018
Visual Presentation,180,"Evaluate the effectiveness of the instructor's visual presentation (blackboard, overheads, etc.):",4.175257731958763,0.9015069476339612,Excellent,42.0,Good,35.0,Satisfactory,17.0,Unsatisfactory,1.0,Very poor,2.0,No opinion,2.0,,,,,,,,,MATH 136,Winter 2018
Oral Presentation,181,Evaluate the effectiveness of the instructor's oral presentation:,4.295918367346939,0.7760484583853355,Excellent,47.0,Good,34.0,Satisfactory,16.0,Unsatisfactory,1.0,Very poor,0.0,No opinion,1.0,,,,,,,,,MATH 136,Winter 2018
Availability,182,Was the instructor available for help outside of class?:,4.594936708860759,0.6702274268001748,Available,55.0,Usually available,16.0,Sometimes available,8.0,Rarely available,0.0,Unavailable,0.0,Did not seek help,20.0,,,,,,,,,MATH 136,Winter 2018
Ability to hold Interest,184,Did you find the course interesting?,3.3157894736842106,0.9921302880159713,Very interesting,22.0,Interesting,59.0,Not interesting,14.0,No opinion,4.0,,,,,,,,,,,,,MATH 136,Winter 2018
Effectiveness,185,Evaluate the overall effectiveness of the instructor as a teacher:,4.142857142857143,0.812276932106895,Excellent,36.0,Good,43.0,Satisfactory,17.0,Unsatisfactory,1.0,Very poor,1.0,No opinion,1.0,,,,,,,,,MATH 136,Winter 2018
Attendance,187,What proportion of lectures did you attend in this course?,79.44444444444444,21.522281867405358,90-100%,66.0,75-90%,21.0,50-75%,7.0,25-50%,0.0,<25%,5.0,,,,,,,,,,,MATH 136,Winter 2018
Assigned Work,188,"Was the assigned work (assignments, projects, etc.) helpful in learning the course content?",3.7244897959183674,1.0431970313831214,Very helpful,38.0,Helpful,55.0,Not helpful,5.0,No work assigned,1.0,,,,,,,,,,,,,MATH 136,Winter 2018
Printed Notes,189,Were the printed notes (if any) helpful in learning the course content?,3.8615384615384616,1.0439846005348186,Very helpful,29.0,Helpful,34.0,Not helpful,2.0,No printed notes,32.0,,,,,,,,,,,,,MATH 136,Winter 2018
Textbook,190,Was the required textbook (if any) helpful in learning the course content?,4.035294117647059,1.040227296859514,Very helpful,45.0,Helpful,38.0,Not helpful,2.0,No text required,13.0,,,,,,,,,,,,,MATH 136,Winter 2018
New Material,191,Did the course introduce an appropriate amount of new material?,4.5,0.7631999913549028,Too much,5.0,Somewhat too much,32.0,Right amount,60.0,Somewhat too little,1.0,Too little,0.0,No opinion,0.0,,,,,,,,,MATH 136,Winter 2018
Assigned Work Amount,192,Was the amount of assigned work required for the course appropriate?,4.686868686868687,0.7092172265375716,Too much,3.0,Somewhat too much,12.0,Right amount,79.0,Somewhat too little,5.0,Too little,0.0,No opinion,0.0,,,,,,,,,MATH 136,Winter 2018
Hours Per Week,193,"On average, how many hours per week did you spend on this course outside of lectures?",6.070707070707071,3.288050490117469,0-2 hours,7.0,3-6 hours,59.0,7-10 hours,25.0,11-15 houts,4.0,> 15 hours,4.0,,,,,,,,,,,MATH 136,Winter 2018
Metrics,,,,,,,,,,,,,,,,,,,,,,,,,MATH 136,Winter 2018
Metric Title,Metric Description,Metric Value,Metric Calculation,,,,,,,,,,,,,,,,,,,,,,MATH 136,Winter 2018
Tompa Score,Computed Tompa Score (also acts as evaluate prof score),4.0988284127294055,(@avg(177)*0.8+@avg(188)*0.2)*0.25 + ((@avg(178)+@avg(179)+@avg(180)+@avg(181)+@avg(182))/5.0)*0.25 + (@avg(184)*0.2+@avg(185)*0.8)*0.5,,,,,,,,,,,,,,,,,,,,,,MATH 136,Winter 2018
Effectiveness,Computed effectiveness score,3.977443609022557,@avg(184)*0.2+@avg(185)*0.8,,,,,,,,,,,,,,,,,,,,,,MATH 136,Winter 2018
Delivery,Computed delivery score,4.364916228790877,(@avg(178)+@avg(179)+@avg(180)+@avg(181)+@avg(182))/5.0,,,,,,,,,,,,,,,,,,,,,,MATH 136,Winter 2018
Prep,Computed prep score,4.075510204081633,@avg(177)*0.8+@avg(188)*0.2,,,,,,,,,,,,,,,,,,,,,,MATH 136,Winter 2018
Attendance Percentage,Average response for attendance,79.44444444444444,@avg(187),,,,,,,,,,,,,,,,,,,,,,MATH 136,Winter 2018
Hours/Week,Average time spent per week on work,6.070707070707071,@avg(193),,,,,,,,,,,,,,,,,,,,,,MATH 136,Winter 2018
Organization,177,Evaluate the organization and coherence of the lectures:,3.8205128205128207,0.8544556553365258,Excellent,7.0,Good,21.0,Satisfactory,9.0,Unsatisfactory,1.0,Very poor,1.0,No opinion,1.0,,,,,,,,,MATH 136,Winter 2019
Explanations,178,At what levels were the instructor's explanations aimed?:,4.256410256410256,0.9925498454392664,Too high,0.0,Somewhat too high,15.0,Just Right,19.0,Somewhat too low,3.0,Too low,2.0,No opinion,1.0,,,,,,,,,MATH 136,Winter 2019
Questions,179,Evaluate the instructor's treatment of students' questions:,3.948717948717949,0.9444775205237173,Excellent,12.0,Good,16.0,Satisfactory,9.0,Unsatisfactory,1.0,Very poor,1.0,No opinion,1.0,,,,,,,,,MATH 136,Winter 2019
Visual Presentation,180,"Evaluate the effectiveness of the instructor's visual presentation (blackboard, overheads, etc.):",3.6666666666666665,0.9551338658818384,Excellent,7.0,Good,17.0,Satisfactory,11.0,Unsatisfactory,3.0,Very poor,1.0,No opinion,1.0,,,,,,,,,MATH 136,Winter 2019
Oral Presentation,181,Evaluate the effectiveness of the instructor's oral presentation:,3.6923076923076925,1.004040420497055,Excellent,8.0,Good,16.0,Satisfactory,12.0,Unsatisfactory,1.0,Very poor,2.0,No opinion,1.0,,,,,,,,,MATH 136,Winter 2019
Availability,182,Was the instructor available for help outside of class?:,3.8,1.1516578439248721,Available,6.0,Usually available,8.0,Sometimes available,3.0,Rarely available,2.0,Unavailable,1.0,Did not seek help,19.0,,,,,,,,,MATH 136,Winter 2019
Ability to hold Interest,184,Did you find the course interesting?,2.8684210526315788,0.8752158847679885,Very interesting,4.0,Interesting,21.0,Not interesting,13.0,No opinion,2.0,,,,,,,,,,,,,MATH 136,Winter 2019
Effectiveness,185,Evaluate the overall effectiveness of the instructor as a teacher:,3.6,0.9818872461248106,Excellent,5.0,Good,21.0,Satisfactory,9.0,Unsatisfactory,3.0,Very poor,2.0,No opinion,0.0,,,,,,,,,MATH 136,Winter 2019
Attendance,187,What proportion of lectures did you attend in this course?,76.9047619047619,24.839788620727354,90-100%,27.0,75-90%,8.0,50-75%,4.0,25-50%,0.0,<25%,3.0,,,,,,,,,,,MATH 136,Winter 2019
Assigned Work,188,"Was the assigned work (assignments, projects, etc.) helpful in learning the course content?",3.289473684210526,1.0373535647057284,Very helpful,9.0,Helpful,22.0,Not helpful,7.0,No work assigned,4.0,,,,,,,,,,,,,MATH 136,Winter 2019
Printed Notes,189,Were the printed notes (if any) helpful in learning the course content?,3.5652173913043477,0.9920633665850976,Very helpful,7.0,Helpful,15.0,Not helpful,1.0,No printed notes,18.0,,,,,,,,,,,,,MATH 136,Winter 2019
Textbook,190,Was the required textbook (if any) helpful in learning the course content?,4.090909090909091,1.1001033009346315,Very helpful,19.0,Helpful,12.0,Not helpful,2.0,No text required,9.0,,,,,,,,,,,,,MATH 136,Winter 2019
New Material,191,Did the course introduce an appropriate amount of new material?,4.121951219512195,1.004866208786511,Too much,6.0,Somewhat too much,18.0,Right amount,17.0,Somewhat too little,0.0,Too little,0.0,No opinion,1.0,,,,,,,,,MATH 136,Winter 2019
Assigned Work Amount,192,Was the amount of assigned work required for the course appropriate?,4.575,0.7807787039970954,Too much,2.0,Somewhat too much,9.0,Right amount,28.0,Somewhat too little,1.0,Too little,0.0,No opinion,2.0,,,,,,,,,MATH 136,Winter 2019
Hours Per Week,193,"On average, how many hours per week did you spend on this course outside of lectures?",6.404761904761905,3.622824149745164,0-2 hours,5.0,3-6 hours,19.0,7-10 hours,13.0,11-15 houts,4.0,> 15 hours,1.0,,,,,,,,,,,MATH 136,Winter 2019
Metrics,,,,,,,,,,,,,,,,,,,,,,,,,MATH 136,Winter 2019
Metric Title,Metric Description,Metric Value,Metric Calculation,,,,,,,,,,,,,,,,,,,,,,MATH 136,Winter 2019
Tompa Score,Computed Tompa Score (also acts as evaluate prof score),3.623623481781377,(@avg(177)*0.8+@avg(188)*0.2)*0.25 + ((@avg(178)+@avg(179)+@avg(180)+@avg(181)+@avg(182))/5.0)*0.25 + (@avg(184)*0.2+@avg(185)*0.8)*0.5,,,,,,,,,,,,,,,,,,,,,,MATH 136,Winter 2019
Effectiveness,Computed effectiveness score,3.4536842105263164,@avg(184)*0.2+@avg(185)*0.8,,,,,,,,,,,,,,,,,,,,,,MATH 136,Winter 2019
Delivery,Computed delivery score,3.8728205128205127,(@avg(178)+@avg(179)+@avg(180)+@avg(181)+@avg(182))/5.0,,,,,,,,,,,,,,,,,,,,,,MATH 136,Winter 2019
Prep,Computed prep score,3.714304993252362,@avg(177)*0.8+@avg(188)*0.2,,,,,,,,,,,,,,,,,,,,,,MATH 136,Winter 2019
Attendance Percentage,Average response for attendance,76.9047619047619,@avg(187),,,,,,,,,,,,,,,,,,,,,,MATH 136,Winter 2019
Hours/Week,Average time spent per week on work,6.404761904761905,@avg(193),,,,,,,,,,,,,,,,,,,,,,MATH 136,Winter 2019
Organization,177,Evaluate the organization and coherence of the lectures:,4.285714285714286,0.8451542547285167,Excellent,10.0,Good,8.0,Satisfactory,2.0,Unsatisfactory,1.0,Very poor,0.0,No opinion,0.0,,,,,,,,,MATH 136,Winter 2020
Explanations,178,At what levels were the instructor's explanations aimed?:,4.761904761904762,0.4364357804719847,Too high,0.0,Somewhat too high,5.0,Just Right,16.0,Somewhat too low,0.0,Too low,0.0,No opinion,0.0,,,,,,,,,MATH 136,Winter 2020
Questions,179,Evaluate the instructor's treatment of students' questions:,4.476190476190476,0.7496030695673289,Excellent,13.0,Good,5.0,Satisfactory,3.0,Unsatisfactory,0.0,Very poor,0.0,No opinion,0.0,,,,,,,,,MATH 136,Winter 2020
Visual Presentation,180,"Evaluate the effectiveness of the instructor's visual presentation (blackboard, overheads, etc.):",4.2,0.8335087534664908,Excellent,9.0,Good,6.0,Satisfactory,5.0,Unsatisfactory,0.0,Very poor,0.0,No opinion,1.0,,,,,,,,,MATH 136,Winter 2020
Oral Presentation,181,Evaluate the effectiveness of the instructor's oral presentation:,4.4,0.5982430416161187,Excellent,9.0,Good,10.0,Satisfactory,1.0,Unsatisfactory,0.0,Very poor,0.0,No opinion,1.0,,,,,,,,,MATH 136,Winter 2020
Availability,182,Was the instructor available for help outside of class?:,4.5625,0.6291528696058958,Available,10.0,Usually available,5.0,Sometimes available,1.0,Rarely available,0.0,Unavailable,0.0,Did not seek help,5.0,,,,,,,,,MATH 136,Winter 2020
Ability to hold Interest,184,Did you find the course interesting?,3.75,1.069923755276638,Very interesting,8.0,Interesting,11.0,Not interesting,1.0,No opinion,1.0,,,,,,,,,,,,,MATH 136,Winter 2020
Effectiveness,185,Evaluate the overall effectiveness of the instructor as a teacher:,4.333333333333333,0.6582805886043832,Excellent,9.0,Good,10.0,Satisfactory,2.0,Unsatisfactory,0.0,Very poor,0.0,No opinion,0.0,,,,,,,,,MATH 136,Winter 2020
Attendance,187,What proportion of lectures did you attend in this course?,79.76190476190476,22.106344704416337,90-100%,15.0,75-90%,3.0,50-75%,2.0,25-50%,0.0,<25%,1.0,,,,,,,,,,,MATH 136,Winter 2020
Assigned Work,188,"Was the assigned work (assignments, projects, etc.) helpful in learning the course content?",3.9,1.020835571068081,Very helpful,9.0,Helpful,11.0,Not helpful,0.0,No work assigned,1.0,,,,,,,,,,,,,MATH 136,Winter 2020
Printed Notes,189,Were the printed notes (if any) helpful in learning the course content?,3.888888888888889,1.0540925533894598,Very helpful,4.0,Helpful,5.0,Not helpful,0.0,No printed notes,12.0,,,,,,,,,,,,,MATH 136,Winter 2020
Textbook,190,Was the required textbook (if any) helpful in learning the course content?,4.333333333333333,0.970142500145332,Very helpful,12.0,Helpful,6.0,Not helpful,0.0,No text required,3.0,,,,,,,,,,,,,MATH 136,Winter 2020
New Material,191,Did the course introduce an appropriate amount of new material?,4.571428571428571,0.5976143046671968,Too much,0.0,Somewhat too much,7.0,Right amount,13.0,Somewhat too little,1.0,Too little,0.0,No opinion,0.0,,,,,,,,,MATH 136,Winter 2020
Assigned Work Amount,192,Was the amount of assigned work required for the course appropriate?,4.857142857142857,0.4780914437337575,Too much,0.0,Somewhat too much,1.0,Right amount,19.0,Somewhat too little,1.0,Too little,0.0,No opinion,0.0,,,,,,,,,MATH 136,Winter 2020
Hours Per Week,193,"On average, how many hours per week did you spend on this course outside of lectures?",8.404761904761905,3.696684486195189,0-2 hours,1.0,3-6 hours,5.0,7-10 hours,10.0,11-15 houts,4.0,> 15 hours,1.0,,,,,,,,,,,MATH 136,Winter 2020
Metrics,,,,,,,,,,,,,,,,,,,,,,,,,MATH 136,Winter 2020
Metric Title,Metric Description,Metric Value,Metric Calculation,,,,,,,,,,,,,,,,,,,,,,MATH 136,Winter 2020
Tompa Score,Computed Tompa Score (also acts as evaluate prof score),4.2805059523809526,(@avg(177)*0.8+@avg(188)*0.2)*0.25 + ((@avg(178)+@avg(179)+@avg(180)+@avg(181)+@avg(182))/5.0)*0.25 + (@avg(184)*0.2+@avg(185)*0.8)*0.5,,,,,,,,,,,,,,,,,,,,,,MATH 136,Winter 2020
Effectiveness,Computed effectiveness score,4.216666666666667,@avg(184)*0.2+@avg(185)*0.8,,,,,,,,,,,,,,,,,,,,,,MATH 136,Winter 2020
Delivery,Computed delivery score,4.480119047619047,(@avg(178)+@avg(179)+@avg(180)+@avg(181)+@avg(182))/5.0,,,,,,,,,,,,,,,,,,,,,,MATH 136,Winter 2020
Prep,Computed prep score,4.208571428571429,@avg(177)*0.8+@avg(188)*0.2,,,,,,,,,,,,,,,,,,,,,,MATH 136,Winter 2020
Attendance Percentage,Average response for attendance,79.76190476190476,@avg(187),,,,,,,,,,,,,,,,,,,,,,MATH 136,Winter 2020
Hours/Week,Average time spent per week on work,8.404761904761905,@avg(193),,,,,,,,,,,,,,,,,,,,,,MATH 136,Winter 2020
Organization,177,Evaluate the organization and coherence of the lectures:,4.529411764705882,0.6242642728467979,Excellent,10.0,Good,6.0,Satisfactory,1.0,Unsatisfactory,0.0,Very poor,0.0,No opinion,0.0,,,,,,,,,MATH 225,Spring 2018
Explanations,178,At what levels were the instructor's explanations aimed?:,4.176470588235294,1.1850788010532811,Too high,1.0,Somewhat too high,5.0,Just Right,9.0,Somewhat too low,1.0,Too low,1.0,No opinion,0.0,,,,,,,,,MATH 225,Spring 2018
Questions,179,Evaluate the instructor's treatment of students' questions:,4.294117647058823,0.8488746876271654,Excellent,8.0,Good,7.0,Satisfactory,1.0,Unsatisfactory,1.0,Very poor,0.0,No opinion,0.0,,,,,,,,,MATH 225,Spring 2018
Visual Presentation,180,"Evaluate the effectiveness of the instructor's visual presentation (blackboard, overheads, etc.):",4.4375,0.6291528696058958,Excellent,8.0,Good,7.0,Satisfactory,1.0,Unsatisfactory,0.0,Very poor,0.0,No opinion,1.0,,,,,,,,,MATH 225,Spring 2018
Oral Presentation,181,Evaluate the effectiveness of the instructor's oral presentation:,4.294117647058823,0.5878675320972553,Excellent,6.0,Good,10.0,Satisfactory,1.0,Unsatisfactory,0.0,Very poor,0.0,No opinion,0.0,,,,,,,,,MATH 225,Spring 2018
Availability,182,Was the instructor available for help outside of class?:,4.571428571428571,0.8516306272526399,Available,10.0,Usually available,3.0,Sometimes available,0.0,Rarely available,1.0,Unavailable,0.0,Did not seek help,3.0,,,,,,,,,MATH 225,Spring 2018
Ability to hold Interest,184,Did you find the course interesting?,3.6875,1.25,Very interesting,7.0,Interesting,6.0,Not interesting,3.0,No opinion,1.0,,,,,,,,,,,,,MATH 225,Spring 2018
Effectiveness,185,Evaluate the overall effectiveness of the instructor as a teacher:,4.352941176470588,0.8617697249402124,Excellent,9.0,Good,6.0,Satisfactory,1.0,Unsatisfactory,1.0,Very poor,0.0,No opinion,0.0,,,,,,,,,MATH 225,Spring 2018
Attendance,187,What proportion of lectures did you attend in this course?,84.11764705882354,10.93093290244008,90-100%,12.0,75-90%,4.0,50-75%,1.0,25-50%,0.0,<25%,0.0,,,,,,,,,,,MATH 225,Spring 2018
Assigned Work,188,"Was the assigned work (assignments, projects, etc.) helpful in learning the course content?",4.176470588235294,1.0145993123917847,Very helpful,10.0,Helpful,7.0,Not helpful,0.0,No work assigned,0.0,,,,,,,,,,,,,MATH 225,Spring 2018
Printed Notes,189,Were the printed notes (if any) helpful in learning the course content?,4.333333333333333,1.0,Very helpful,6.0,Helpful,3.0,Not helpful,0.0,No printed notes,7.0,,,,,,,,,,,,,MATH 225,Spring 2018
Textbook,190,Was the required textbook (if any) helpful in learning the course content?,3.9285714285714284,1.1411388181101378,Very helpful,7.0,Helpful,6.0,Not helpful,1.0,No text required,2.0,,,,,,,,,,,,,MATH 225,Spring 2018
New Material,191,Did the course introduce an appropriate amount of new material?,4.3125,1.01447851956888,Too much,2.0,Somewhat too much,5.0,Right amount,9.0,Somewhat too little,0.0,Too little,0.0,No opinion,1.0,,,,,,,,,MATH 225,Spring 2018
Assigned Work Amount,192,Was the amount of assigned work required for the course appropriate?,4.176470588235294,1.286239388568816,Too much,4.0,Somewhat too much,2.0,Right amount,11.0,Somewhat too little,0.0,Too little,0.0,No opinion,0.0,,,,,,,,,MATH 225,Spring 2018
Hours Per Week,193,"On average, how many hours per week did you spend on this course outside of lectures?",4.3125,1.6317168872080716,0-2 hours,2.0,3-6 hours,13.0,7-10 hours,1.0,11-15 houts,0.0,> 15 hours,0.0,,,,,,,,,,,MATH 225,Spring 2018
Metrics,,,,,,,,,,,,,,,,,,,,,,,,,MATH 225,Spring 2018
Metric Title,Metric Description,Metric Value,Metric Calculation,,,,,,,,,,,,,,,,,,,,,,MATH 225,Spring 2018
Tompa Score,Computed Tompa Score (also acts as evaluate prof score),4.313314075630252,(@avg(177)*0.8+@avg(188)*0.2)*0.25 + ((@avg(178)+@avg(179)+@avg(180)+@avg(181)+@avg(182))/5.0)*0.25 + (@avg(184)*0.2+@avg(185)*0.8)*0.5,,,,,,,,,,,,,,,,,,,,,,MATH 225,Spring 2018
Effectiveness,Computed effectiveness score,4.2198529411764705,@avg(184)*0.2+@avg(185)*0.8,,,,,,,,,,,,,,,,,,,,,,MATH 225,Spring 2018
Delivery,Computed delivery score,4.354726890756302,(@avg(178)+@avg(179)+@avg(180)+@avg(181)+@avg(182))/5.0,,,,,,,,,,,,,,,,,,,,,,MATH 225,Spring 2018
Prep,Computed prep score,4.458823529411765,@avg(177)*0.8+@avg(188)*0.2,,,,,,,,,,,,,,,,,,,,,,MATH 225,Spring 2018
Attendance Percentage,Average response for attendance,84.11764705882354,@avg(187),,,,,,,,,,,,,,,,,,,,,,MATH 225,Spring 2018
Hours/Week,Average time spent per week on work,4.3125,@avg(193),,,,,,,,,,,,,,,,,,,,,,MATH 225,Spring 2018
Organization,177,Evaluate the organization and coherence of the lectures:,4.133333333333334,1.0080138659874616,Excellent,13.0,Good,11.0,Satisfactory,4.0,Unsatisfactory,1.0,Very poor,1.0,No opinion,0.0,,,,,,,,,MATH 235,Spring 2016
Explanations,178,At what levels were the instructor's explanations aimed?:,4.645161290322581,0.7978465640616285,Too high,2.0,Somewhat too high,5.0,Just Right,24.0,Somewhat too low,0.0,Too low,0.0,No opinion,0.0,,,,,,,,,MATH 235,Spring 2016
Questions,179,Evaluate the instructor's treatment of students' questions:,4.033333333333333,0.9278574999588488,Excellent,10.0,Good,13.0,Satisfactory,6.0,Unsatisfactory,0.0,Very poor,1.0,No opinion,1.0,,,,,,,,,MATH 235,Spring 2016
Visual Presentation,180,"Evaluate the effectiveness of the instructor's visual presentation (blackboard, overheads, etc.):",4.096774193548387,1.0117588220413474,Excellent,13.0,Good,11.0,Satisfactory,5.0,Unsatisfactory,1.0,Very poor,1.0,No opinion,0.0,,,,,,,,,MATH 235,Spring 2016
Oral Presentation,181,Evaluate the effectiveness of the instructor's oral presentation:,3.903225806451613,0.9435690651166778,Excellent,9.0,Good,12.0,Satisfactory,9.0,Unsatisfactory,0.0,Very poor,1.0,No opinion,0.0,,,,,,,,,MATH 235,Spring 2016
Availability,182,Was the instructor available for help outside of class?:,3.923076923076923,0.9766504768063924,Available,8.0,Usually available,10.0,Sometimes available,7.0,Rarely available,0.0,Unavailable,1.0,Did not seek help,5.0,,,,,,,,,MATH 235,Spring 2016
Ability to hold Interest,184,Did you find the course interesting?,3.1379310344827585,1.1564767285359965,Very interesting,7.0,Interesting,12.0,Not interesting,10.0,No opinion,2.0,,,,,,,,,,,,,MATH 235,Spring 2016
Effectiveness,185,Evaluate the overall effectiveness of the instructor as a teacher:,4.096774193548387,0.8700512900466432,Excellent,10.0,Good,16.0,Satisfactory,4.0,Unsatisfactory,0.0,Very poor,1.0,No opinion,0.0,,,,,,,,,MATH 235,Spring 2016
Attendance,187,What proportion of lectures did you attend in this course?,77.09677419354838,20.687121337859253,90-100%,16.0,75-90%,11.0,50-75%,2.0,25-50%,1.0,<25%,1.0,,,,,,,,,,,MATH 235,Spring 2016
Assigned Work,188,"Was the assigned work (assignments, projects, etc.) helpful in learning the course content?",3.7241379310344827,1.1306304096178867,Very helpful,12.0,Helpful,14.0,Not helpful,3.0,No work assigned,0.0,,,,,,,,,,,,,MATH 235,Spring 2016
Printed Notes,189,Were the printed notes (if any) helpful in learning the course content?,3.761904761904762,0.9952267030562384,Very helpful,8.0,Helpful,13.0,Not helpful,0.0,No printed notes,8.0,,,,,,,,,,,,,MATH 235,Spring 2016
Textbook,190,Was the required textbook (if any) helpful in learning the course content?,4.038461538461538,1.0763185116226228,Very helpful,14.0,Helpful,11.0,Not helpful,1.0,No text required,3.0,,,,,,,,,,,,,MATH 235,Spring 2016
New Material,191,Did the course introduce an appropriate amount of new material?,4.3,1.0553639672872468,Too much,4.0,Somewhat too much,7.0,Right amount,18.0,Somewhat too little,1.0,Too little,0.0,No opinion,1.0,,,,,,,,,MATH 235,Spring 2016
Assigned Work Amount,192,Was the amount of assigned work required for the course appropriate?,4.466666666666667,1.0080138659874611,Too much,3.0,Somewhat too much,3.0,Right amount,22.0,Somewhat too little,2.0,Too little,0.0,No opinion,1.0,,,,,,,,,MATH 235,Spring 2016
Hours Per Week,193,"On average, how many hours per week did you spend on this course outside of lectures?",6.225806451612903,3.351215475210497,0-2 hours,2.0,3-6 hours,18.0,7-10 hours,8.0,11-15 houts,2.0,> 15 hours,1.0,,,,,,,,,,,MATH 235,Spring 2016
Metrics,,,,,,,,,,,,,,,,,,,,,,,,,MATH 235,Spring 2016
Metric Title,Metric Description,Metric Value,Metric Calculation,,,,,,,,,,,,,,,,,,,,,,MATH 235,Spring 2016
Tompa Score,Computed Tompa Score (also acts as evaluate prof score),3.995454921422664,(@avg(177)*0.8+@avg(188)*0.2)*0.25 + ((@avg(178)+@avg(179)+@avg(180)+@avg(181)+@avg(182))/5.0)*0.25 + (@avg(184)*0.2+@avg(185)*0.8)*0.5,,,,,,,,,,,,,,,,,,,,,,MATH 235,Spring 2016
Effectiveness,Computed effectiveness score,3.9050055617352615,@avg(184)*0.2+@avg(185)*0.8,,,,,,,,,,,,,,,,,,,,,,MATH 235,Spring 2016
Delivery,Computed delivery score,4.1203143093465675,(@avg(178)+@avg(179)+@avg(180)+@avg(181)+@avg(182))/5.0,,,,,,,,,,,,,,,,,,,,,,MATH 235,Spring 2016
Prep,Computed prep score,4.051494252873564,@avg(177)*0.8+@avg(188)*0.2,,,,,,,,,,,,,,,,,,,,,,MATH 235,Spring 2016
Attendance Percentage,Average response for attendance,77.09677419354838,@avg(187),,,,,,,,,,,,,,,,,,,,,,MATH 235,Spring 2016
Hours/Week,Average time spent per week on work,6.225806451612903,@avg(193),,,,,,,,,,,,,,,,,,,,,,MATH 235,Spring 2016
Organization,177,Evaluate the organization and coherence of the lectures:,4.085714285714285,0.8868791472623199,Excellent,13.0,Good,14.0,Satisfactory,6.0,Unsatisfactory,2.0,Very poor,0.0,No opinion,1.0,,,,,,,,,MATH 235,Fall 2016
Explanations,178,At what levels were the instructor's explanations aimed?:,4.542857142857143,0.6572159257878978,Too high,0.0,Somewhat too high,10.0,Just Right,22.0,Somewhat too low,3.0,Too low,0.0,No opinion,1.0,,,,,,,,,MATH 235,Fall 2016
Questions,179,Evaluate the instructor's treatment of students' questions:,4.457142857142857,0.6108266887567037,Excellent,18.0,Good,15.0,Satisfactory,2.0,Unsatisfactory,0.0,Very poor,0.0,No opinion,1.0,,,,,,,,,MATH 235,Fall 2016
Visual Presentation,180,"Evaluate the effectiveness of the instructor's visual presentation (blackboard, overheads, etc.):",4.3428571428571425,0.7252933338781401,Excellent,17.0,Good,13.0,Satisfactory,5.0,Unsatisfactory,0.0,Very poor,0.0,No opinion,1.0,,,,,,,,,MATH 235,Fall 2016
Oral Presentation,181,Evaluate the effectiveness of the instructor's oral presentation:,4.457142857142857,0.6572159257878978,Excellent,19.0,Good,13.0,Satisfactory,3.0,Unsatisfactory,0.0,Very poor,0.0,No opinion,1.0,,,,,,,,,MATH 235,Fall 2016
Availability,182,Was the instructor available for help outside of class?:,4.0,1.023532631438318,Available,8.0,Usually available,8.0,Sometimes available,5.0,Rarely available,0.0,Unavailable,1.0,Did not seek help,14.0,,,,,,,,,MATH 235,Fall 2016
Ability to hold Interest,184,Did you find the course interesting?,3.1470588235294117,1.131701667004871,Very interesting,8.0,Interesting,15.0,Not interesting,11.0,No opinion,2.0,,,,,,,,,,,,,MATH 235,Fall 2016
Effectiveness,185,Evaluate the overall effectiveness of the instructor as a teacher:,4.264705882352941,0.7511132557708274,Excellent,15.0,Good,13.0,Satisfactory,6.0,Unsatisfactory,0.0,Very poor,0.0,No opinion,2.0,,,,,,,,,MATH 235,Fall 2016
Attendance,187,What proportion of lectures did you attend in this course?,75.41666666666667,25.195662892081817,90-100%,21.0,75-90%,9.0,50-75%,2.0,25-50%,2.0,<25%,2.0,,,,,,,,,,,MATH 235,Fall 2016
Assigned Work,188,"Was the assigned work (assignments, projects, etc.) helpful in learning the course content?",3.46875,1.0155048005794949,Very helpful,9.0,Helpful,20.0,Not helpful,3.0,No work assigned,4.0,,,,,,,,,,,,,MATH 235,Fall 2016
Printed Notes,189,Were the printed notes (if any) helpful in learning the course content?,3.6,0.9403246919632544,Very helpful,6.0,Helpful,14.0,Not helpful,0.0,No printed notes,11.0,,,,,,,,,,,,,MATH 235,Fall 2016
Textbook,190,Was the required textbook (if any) helpful in learning the course content?,4.352941176470588,0.949716159867634,Very helpful,23.0,Helpful,11.0,Not helpful,0.0,No text required,0.0,,,,,,,,,,,,,MATH 235,Fall 2016
New Material,191,Did the course introduce an appropriate amount of new material?,4.111111111111111,1.0630892390381583,Too much,6.0,Somewhat too much,14.0,Right amount,16.0,Somewhat too little,0.0,Too little,0.0,No opinion,0.0,,,,,,,,,MATH 235,Fall 2016
Assigned Work Amount,192,Was the amount of assigned work required for the course appropriate?,4.529411764705882,0.787604504567472,Too much,2.0,Somewhat too much,10.0,Right amount,22.0,Somewhat too little,0.0,Too little,0.0,No opinion,2.0,,,,,,,,,MATH 235,Fall 2016
Hours Per Week,193,"On average, how many hours per week did you spend on this course outside of lectures?",6.736111111111111,4.0097846595388384,0-2 hours,4.0,3-6 hours,17.0,7-10 hours,8.0,11-15 houts,6.0,> 15 hours,1.0,,,,,,,,,,,MATH 235,Fall 2016
Metrics,,,,,,,,,,,,,,,,,,,,,,,,,MATH 235,Fall 2016
Metric Title,Metric Description,Metric Value,Metric Calculation,,,,,,,,,,,,,,,,,,,,,,MATH 235,Fall 2016
Tompa Score,Computed Tompa Score (also acts as evaluate prof score),4.1011685924369745,(@avg(177)*0.8+@avg(188)*0.2)*0.25 + ((@avg(178)+@avg(179)+@avg(180)+@avg(181)+@avg(182))/5.0)*0.25 + (@avg(184)*0.2+@avg(185)*0.8)*0.5,,,,,,,,,,,,,,,,,,,,,,MATH 235,Fall 2016
Effectiveness,Computed effectiveness score,4.041176470588235,@avg(184)*0.2+@avg(185)*0.8,,,,,,,,,,,,,,,,,,,,,,MATH 235,Fall 2016
Delivery,Computed delivery score,4.359999999999999,(@avg(178)+@avg(179)+@avg(180)+@avg(181)+@avg(182))/5.0,,,,,,,,,,,,,,,,,,,,,,MATH 235,Fall 2016
Prep,Computed prep score,3.9623214285714288,@avg(177)*0.8+@avg(188)*0.2,,,,,,,,,,,,,,,,,,,,,,MATH 235,Fall 2016
Attendance Percentage,Average response for attendance,75.41666666666667,@avg(187),,,,,,,,,,,,,,,,,,,,,,MATH 235,Fall 2016
Hours/Week,Average time spent per week on work,6.736111111111111,@avg(193),,,,,,,,,,,,,,,,,,,,,,MATH 235,Fall 2016
Organization,177,Evaluate the organization and coherence of the lectures:,4.354166666666667,0.7852248176060136,Excellent,24.0,Good,19.0,Satisfactory,3.0,Unsatisfactory,2.0,Very poor,0.0,No opinion,3.0,,,,,,,,,MATH 235,Winter 2018
Explanations,178,At what levels were the instructor's explanations aimed?:,4.5625,0.7692563416371271,Too high,2.0,Somewhat too high,11.0,Just Right,33.0,Somewhat too low,2.0,Too low,0.0,No opinion,3.0,,,,,,,,,MATH 235,Winter 2018
Questions,179,Evaluate the instructor's treatment of students' questions:,4.2727272727272725,0.8453329153910615,Excellent,21.0,Good,16.0,Satisfactory,5.0,Unsatisfactory,2.0,Very poor,0.0,No opinion,6.0,,,,,,,,,MATH 235,Winter 2018
Visual Presentation,180,"Evaluate the effectiveness of the instructor's visual presentation (blackboard, overheads, etc.):",4.204081632653061,1.040424429354328,Excellent,26.0,Good,11.0,Satisfactory,10.0,Unsatisfactory,0.0,Very poor,2.0,No opinion,2.0,,,,,,,,,MATH 235,Winter 2018
Oral Presentation,181,Evaluate the effectiveness of the instructor's oral presentation:,4.346938775510204,0.778647877417516,Excellent,25.0,Good,17.0,Satisfactory,6.0,Unsatisfactory,1.0,Very poor,0.0,No opinion,2.0,,,,,,,,,MATH 235,Winter 2018
Availability,182,Was the instructor available for help outside of class?:,4.486486486486487,0.7311186870368822,Available,22.0,Usually available,12.0,Sometimes available,2.0,Rarely available,1.0,Unavailable,0.0,Did not seek help,13.0,,,,,,,,,MATH 235,Winter 2018
Ability to hold Interest,184,Did you find the course interesting?,3.6444444444444444,1.0478453120474405,Very interesting,16.0,Interesting,26.0,Not interesting,3.0,No opinion,6.0,,,,,,,,,,,,,MATH 235,Winter 2018
Effectiveness,185,Evaluate the overall effectiveness of the instructor as a teacher:,4.25531914893617,0.943353986452478,Excellent,22.0,Good,19.0,Satisfactory,4.0,Unsatisfactory,0.0,Very poor,2.0,No opinion,3.0,,,,,,,,,MATH 235,Winter 2018
Attendance,187,What proportion of lectures did you attend in this course?,73.72549019607843,27.907761236883587,90-100%,29.0,75-90%,13.0,50-75%,3.0,25-50%,1.0,<25%,5.0,,,,,,,,,,,MATH 235,Winter 2018
Assigned Work,188,"Was the assigned work (assignments, projects, etc.) helpful in learning the course content?",4.1568627450980395,1.0270842033564305,Very helpful,30.0,Helpful,20.0,Not helpful,1.0,No work assigned,0.0,,,,,,,,,,,,,MATH 235,Winter 2018
Printed Notes,189,Were the printed notes (if any) helpful in learning the course content?,4.035714285714286,1.0708993401928106,Very helpful,15.0,Helpful,12.0,Not helpful,1.0,No printed notes,23.0,,,,,,,,,,,,,MATH 235,Winter 2018
Textbook,190,Was the required textbook (if any) helpful in learning the course content?,4.326086956521739,0.9900470881301432,Very helpful,31.0,Helpful,14.0,Not helpful,1.0,No text required,4.0,,,,,,,,,,,,,MATH 235,Winter 2018
New Material,191,Did the course introduce an appropriate amount of new material?,4.510204081632653,0.8446510369079415,Too much,3.0,Somewhat too much,11.0,Right amount,33.0,Somewhat too little,2.0,Too little,0.0,No opinion,1.0,,,,,,,,,MATH 235,Winter 2018
Assigned Work Amount,192,Was the amount of assigned work required for the course appropriate?,4.56,0.8369039151929606,Too much,3.0,Somewhat too much,9.0,Right amount,36.0,Somewhat too little,2.0,Too little,0.0,No opinion,1.0,,,,,,,,,MATH 235,Winter 2018
Hours Per Week,193,"On average, how many hours per week did you spend on this course outside of lectures?",6.696078431372549,3.0034620546505155,0-2 hours,0.0,3-6 hours,29.0,7-10 hours,18.0,11-15 houts,2.0,> 15 hours,2.0,,,,,,,,,,,MATH 235,Winter 2018
Metrics,,,,,,,,,,,,,,,,,,,,,,,,,MATH 235,Winter 2018
Metric Title,Metric Description,Metric Value,Metric Calculation,,,,,,,,,,,,,,,,,,,,,,MATH 235,Winter 2018
Tompa Score,Computed Tompa Score (also acts as evaluate prof score),4.238885282975999,(@avg(177)*0.8+@avg(188)*0.2)*0.25 + ((@avg(178)+@avg(179)+@avg(180)+@avg(181)+@avg(182))/5.0)*0.25 + (@avg(184)*0.2+@avg(185)*0.8)*0.5,,,,,,,,,,,,,,,,,,,,,,MATH 235,Winter 2018
Effectiveness,Computed effectiveness score,4.133144208037825,@avg(184)*0.2+@avg(185)*0.8,,,,,,,,,,,,,,,,,,,,,,MATH 235,Winter 2018
Delivery,Computed delivery score,4.374546833475405,(@avg(178)+@avg(179)+@avg(180)+@avg(181)+@avg(182))/5.0,,,,,,,,,,,,,,,,,,,,,,MATH 235,Winter 2018
Prep,Computed prep score,4.314705882352942,@avg(177)*0.8+@avg(188)*0.2,,,,,,,,,,,,,,,,,,,,,,MATH 235,Winter 2018
Attendance Percentage,Average response for attendance,73.72549019607843,@avg(187),,,,,,,,,,,,,,,,,,,,,,MATH 235,Winter 2018
Hours/Week,Average time spent per week on work,6.696078431372549,@avg(193),,,,,,,,,,,,,,,,,,,,,,MATH 235,Winter 2018
Organization,177,Evaluate the organization and coherence of the lectures:,4.375,0.9523923991986089,Excellent,24.0,Good,10.0,Satisfactory,4.0,Unsatisfactory,1.0,Very poor,1.0,No opinion,1.0,,,,,,,,,MATH 235,Spring 2018
Explanations,178,At what levels were the instructor's explanations aimed?:,4.475,0.9054677216067918,Too high,1.0,Somewhat too high,10.0,Just Right,26.0,Somewhat too low,2.0,Too low,1.0,No opinion,1.0,,,,,,,,,MATH 235,Spring 2018
Questions,179,Evaluate the instructor's treatment of students' questions:,4.375,0.9250779592927456,Excellent,24.0,Good,9.0,Satisfactory,6.0,Unsatisfactory,0.0,Very poor,1.0,No opinion,1.0,,,,,,,,,MATH 235,Spring 2018
Visual Presentation,180,"Evaluate the effectiveness of the instructor's visual presentation (blackboard, overheads, etc.):",4.4,0.9554164080758256,Excellent,26.0,Good,6.0,Satisfactory,7.0,Unsatisfactory,0.0,Very poor,1.0,No opinion,1.0,,,,,,,,,MATH 235,Spring 2018
Oral Presentation,181,Evaluate the effectiveness of the instructor's oral presentation:,4.425,0.9577618139744829,Excellent,26.0,Good,8.0,Satisfactory,4.0,Unsatisfactory,1.0,Very poor,1.0,No opinion,1.0,,,,,,,,,MATH 235,Spring 2018
Availability,182,Was the instructor available for help outside of class?:,4.45945945945946,0.9307880351435369,Available,24.0,Usually available,9.0,Sometimes available,2.0,Rarely available,1.0,Unavailable,1.0,Did not seek help,4.0,,,,,,,,,MATH 235,Spring 2018
Ability to hold Interest,184,Did you find the course interesting?,3.641025641025641,1.1352528002070148,Very interesting,15.0,Interesting,19.0,Not interesting,5.0,No opinion,2.0,,,,,,,,,,,,,MATH 235,Spring 2018
Effectiveness,185,Evaluate the overall effectiveness of the instructor as a teacher:,4.475,0.8766925023004039,Excellent,26.0,Good,9.0,Satisfactory,4.0,Unsatisfactory,0.0,Very poor,1.0,No opinion,1.0,,,,,,,,,MATH 235,Spring 2018
Attendance,187,What proportion of lectures did you attend in this course?,82.125,18.428221807172797,90-100%,29.0,75-90%,8.0,50-75%,1.0,25-50%,1.0,<25%,1.0,,,,,,,,,,,MATH 235,Spring 2018
Assigned Work,188,"Was the assigned work (assignments, projects, etc.) helpful in learning the course content?",3.775,1.0250078173560562,Very helpful,16.0,Helpful,23.0,Not helpful,1.0,No work assigned,0.0,,,,,,,,,,,,,MATH 235,Spring 2018
Printed Notes,189,Were the printed notes (if any) helpful in learning the course content?,4.08,1.0770329614269003,Very helpful,14.0,Helpful,10.0,Not helpful,1.0,No printed notes,15.0,,,,,,,,,,,,,MATH 235,Spring 2018
Textbook,190,Was the required textbook (if any) helpful in learning the course content?,4.131578947368421,1.0441873248007454,Very helpful,22.0,Helpful,15.0,Not helpful,1.0,No text required,2.0,,,,,,,,,,,,,MATH 235,Spring 2018
New Material,191,Did the course introduce an appropriate amount of new material?,4.564102564102564,0.7179969137476476,Too much,1.0,Somewhat too much,10.0,Right amount,26.0,Somewhat too little,2.0,Too little,0.0,No opinion,1.0,,,,,,,,,MATH 235,Spring 2018
Assigned Work Amount,192,Was the amount of assigned work required for the course appropriate?,4.717948717948718,0.6862835821988467,Too much,1.0,Somewhat too much,4.0,Right amount,32.0,Somewhat too little,2.0,Too little,0.0,No opinion,1.0,,,,,,,,,MATH 235,Spring 2018
Hours Per Week,193,"On average, how many hours per week did you spend on this course outside of lectures?",6.5625,2.9486796262838624,0-2 hours,1.0,3-6 hours,22.0,7-10 hours,13.0,11-15 houts,4.0,> 15 hours,0.0,,,,,,,,,,,MATH 235,Spring 2018
Metrics,,,,,,,,,,,,,,,,,,,,,,,,,MATH 235,Spring 2018
Metric Title,Metric Description,Metric Value,Metric Calculation,,,,,,,,,,,,,,,,,,,,,,MATH 235,Spring 2018
Tompa Score,Computed Tompa Score (also acts as evaluate prof score),4.324575537075537,(@avg(177)*0.8+@avg(188)*0.2)*0.25 + ((@avg(178)+@avg(179)+@avg(180)+@avg(181)+@avg(182))/5.0)*0.25 + (@avg(184)*0.2+@avg(185)*0.8)*0.5,,,,,,,,,,,,,,,,,,,,,,MATH 235,Spring 2018
Effectiveness,Computed effectiveness score,4.308205128205128,@avg(184)*0.2+@avg(185)*0.8,,,,,,,,,,,,,,,,,,,,,,MATH 235,Spring 2018
Delivery,Computed delivery score,4.426891891891892,(@avg(178)+@avg(179)+@avg(180)+@avg(181)+@avg(182))/5.0,,,,,,,,,,,,,,,,,,,,,,MATH 235,Spring 2018
Prep,Computed prep score,4.255,@avg(177)*0.8+@avg(188)*0.2,,,,,,,,,,,,,,,,,,,,,,MATH 235,Spring 2018
Attendance Percentage,Average response for attendance,82.125,@avg(187),,,,,,,,,,,,,,,,,,,,,,MATH 235,Spring 2018
Hours/Week,Average time spent per week on work,6.5625,@avg(193),,,,,,,,,,,,,,,,,,,,,,MATH 235,Spring 2018
Organization,177,Evaluate the organization and coherence of the lectures:,4.480769230769231,0.6413950670030658,Excellent,28.0,Good,22.0,Satisfactory,1.0,Unsatisfactory,1.0,Very poor,0.0,No opinion,4.0,,,,,,,,,MATH 235,Fall 2018
Explanations,178,At what levels were the instructor's explanations aimed?:,4.826923076923077,0.382004714381845,Too high,0.0,Somewhat too high,9.0,Just Right,43.0,Somewhat too low,0.0,Too low,0.0,No opinion,4.0,,,,,,,,,MATH 235,Fall 2018
Questions,179,Evaluate the instructor's treatment of students' questions:,4.4423076923076925,0.6690192276747298,Excellent,28.0,Good,19.0,Satisfactory,5.0,Unsatisfactory,0.0,Very poor,0.0,No opinion,4.0,,,,,,,,,MATH 235,Fall 2018
Visual Presentation,180,"Evaluate the effectiveness of the instructor's visual presentation (blackboard, overheads, etc.):",4.5576923076923075,0.6390391542964969,Excellent,33.0,Good,15.0,Satisfactory,4.0,Unsatisfactory,0.0,Very poor,0.0,No opinion,4.0,,,,,,,,,MATH 235,Fall 2018
Oral Presentation,181,Evaluate the effectiveness of the instructor's oral presentation:,4.634615384615385,0.6576501887318703,Excellent,37.0,Good,12.0,Satisfactory,2.0,Unsatisfactory,1.0,Very poor,0.0,No opinion,4.0,,,,,,,,,MATH 235,Fall 2018
Availability,182,Was the instructor available for help outside of class?:,4.475,0.7506407519323332,Available,24.0,Usually available,12.0,Sometimes available,3.0,Rarely available,1.0,Unavailable,0.0,Did not seek help,17.0,,,,,,,,,MATH 235,Fall 2018
Ability to hold Interest,184,Did you find the course interesting?,3.537037037037037,0.9850383186294908,Very interesting,16.0,Interesting,35.0,Not interesting,3.0,No opinion,3.0,,,,,,,,,,,,,MATH 235,Fall 2018
Effectiveness,185,Evaluate the overall effectiveness of the instructor as a teacher:,4.615384615384615,0.5991446895152781,Excellent,35.0,Good,14.0,Satisfactory,3.0,Unsatisfactory,0.0,Very poor,0.0,No opinion,3.0,,,,,,,,,MATH 235,Fall 2018
Attendance,187,What proportion of lectures did you attend in this course?,83.39285714285714,15.871848802694172,90-100%,43.0,75-90%,8.0,50-75%,4.0,25-50%,0.0,<25%,1.0,,,,,,,,,,,MATH 235,Fall 2018
Assigned Work,188,"Was the assigned work (assignments, projects, etc.) helpful in learning the course content?",3.962962962962963,1.0086973284832117,Very helpful,26.0,Helpful,28.0,Not helpful,0.0,No work assigned,3.0,,,,,,,,,,,,,MATH 235,Fall 2018
Printed Notes,189,Were the printed notes (if any) helpful in learning the course content?,4.161290322580645,1.0032206202542022,Very helpful,18.0,Helpful,13.0,Not helpful,0.0,No printed notes,26.0,,,,,,,,,,,,,MATH 235,Fall 2018
Textbook,190,Was the required textbook (if any) helpful in learning the course content?,4.169811320754717,0.9949072058895312,Very helpful,31.0,Helpful,22.0,Not helpful,0.0,No text required,4.0,,,,,,,,,,,,,MATH 235,Fall 2018
New Material,191,Did the course introduce an appropriate amount of new material?,4.56140350877193,0.7075496918351676,Too much,2.0,Somewhat too much,17.0,Right amount,37.0,Somewhat too little,1.0,Too little,0.0,No opinion,0.0,,,,,,,,,MATH 235,Fall 2018
Assigned Work Amount,192,Was the amount of assigned work required for the course appropriate?,4.696428571428571,0.6854233690247182,Too much,2.0,Somewhat too much,9.0,Right amount,44.0,Somewhat too little,1.0,Too little,0.0,No opinion,1.0,,,,,,,,,MATH 235,Fall 2018
Hours Per Week,193,"On average, how many hours per week did you spend on this course outside of lectures?",5.776785714285714,3.0953332069968926,0-2 hours,5.0,3-6 hours,34.0,7-10 hours,13.0,11-15 houts,3.0,> 15 hours,1.0,,,,,,,,,,,MATH 235,Fall 2018
Metrics,,,,,,,,,,,,,,,,,,,,,,,,,MATH 235,Fall 2018
Metric Title,Metric Description,Metric Value,Metric Calculation,,,,,,,,,,,,,,,,,,,,,,MATH 235,Fall 2018
Tompa Score,Computed Tompa Score (also acts as evaluate prof score),4.440986467236467,(@avg(177)*0.8+@avg(188)*0.2)*0.25 + ((@avg(178)+@avg(179)+@avg(180)+@avg(181)+@avg(182))/5.0)*0.25 + (@avg(184)*0.2+@avg(185)*0.8)*0.5,,,,,,,,,,,,,,,,,,,,,,MATH 235,Fall 2018
Effectiveness,Computed effectiveness score,4.3997150997151,@avg(184)*0.2+@avg(185)*0.8,,,,,,,,,,,,,,,,,,,,,,MATH 235,Fall 2018
Delivery,Computed delivery score,4.587307692307692,(@avg(178)+@avg(179)+@avg(180)+@avg(181)+@avg(182))/5.0,,,,,,,,,,,,,,,,,,,,,,MATH 235,Fall 2018
Prep,Computed prep score,4.377207977207977,@avg(177)*0.8+@avg(188)*0.2,,,,,,,,,,,,,,,,,,,,,,MATH 235,Fall 2018
Attendance Percentage,Average response for attendance,83.39285714285714,@avg(187),,,,,,,,,,,,,,,,,,,,,,MATH 235,Fall 2018
Hours/Week,Average time spent per week on work,5.776785714285714,@avg(193),,,,,,,,,,,,,,,,,,,,,,MATH 235,Fall 2018
Organization,177,Evaluate the organization and coherence of the lectures:,4.055555555555555,0.8926507698004843,Excellent,12.0,Good,17.0,Satisfactory,4.0,Unsatisfactory,3.0,Very poor,0.0,No opinion,0.0,,,,,,,,,MATH 237,Winter 2017
Explanations,178,At what levels were the instructor's explanations aimed?:,4.6,0.7356469741582814,Too high,1.0,Somewhat too high,7.0,Just Right,25.0,Somewhat too low,2.0,Too low,0.0,No opinion,1.0,,,,,,,,,MATH 237,Winter 2017
Questions,179,Evaluate the instructor's treatment of students' questions:,4.2,0.8331372318284809,Excellent,15.0,Good,13.0,Satisfactory,6.0,Unsatisfactory,1.0,Very poor,0.0,No opinion,1.0,,,,,,,,,MATH 237,Winter 2017
Visual Presentation,180,"Evaluate the effectiveness of the instructor's visual presentation (blackboard, overheads, etc.):",4.138888888888889,0.7231983635323525,Excellent,12.0,Good,17.0,Satisfactory,7.0,Unsatisfactory,0.0,Very poor,0.0,No opinion,0.0,,,,,,,,,MATH 237,Winter 2017
Oral Presentation,181,Evaluate the effectiveness of the instructor's oral presentation:,4.166666666666667,0.7367883976130074,Excellent,13.0,Good,16.0,Satisfactory,7.0,Unsatisfactory,0.0,Very poor,0.0,No opinion,0.0,,,,,,,,,MATH 237,Winter 2017
Availability,182,Was the instructor available for help outside of class?:,4.1875,0.75,Available,6.0,Usually available,7.0,Sometimes available,3.0,Rarely available,0.0,Unavailable,0.0,Did not seek help,19.0,,,,,,,,,MATH 237,Winter 2017
Ability to hold Interest,184,Did you find the course interesting?,3.5294117647058822,1.079710795106504,Very interesting,11.0,Interesting,19.0,Not interesting,4.0,No opinion,2.0,,,,,,,,,,,,,MATH 237,Winter 2017
Effectiveness,185,Evaluate the overall effectiveness of the instructor as a teacher:,4.235294117647059,0.8896313001841718,Excellent,16.0,Good,12.0,Satisfactory,4.0,Unsatisfactory,2.0,Very poor,0.0,No opinion,1.0,,,,,,,,,MATH 237,Winter 2017
Attendance,187,What proportion of lectures did you attend in this course?,79.44444444444444,17.678791885750638,90-100%,24.0,75-90%,5.0,50-75%,6.0,25-50%,1.0,<25%,0.0,,,,,,,,,,,MATH 237,Winter 2017
Assigned Work,188,"Was the assigned work (assignments, projects, etc.) helpful in learning the course content?",3.8285714285714287,1.0427823157223146,Very helpful,15.0,Helpful,19.0,Not helpful,1.0,No work assigned,0.0,,,,,,,,,,,,,MATH 237,Winter 2017
Printed Notes,189,Were the printed notes (if any) helpful in learning the course content?,3.3684210526315788,0.8950807732508136,Very helpful,4.0,Helpful,14.0,Not helpful,1.0,No printed notes,12.0,,,,,,,,,,,,,MATH 237,Winter 2017
Textbook,190,Was the required textbook (if any) helpful in learning the course content?,4.0,1.1071614388213236,Very helpful,17.0,Helpful,13.0,Not helpful,2.0,No text required,2.0,,,,,,,,,,,,,MATH 237,Winter 2017
New Material,191,Did the course introduce an appropriate amount of new material?,4.685714285714286,0.6311254453205737,Too much,1.0,Somewhat too much,8.0,Right amount,26.0,Somewhat too little,0.0,Too little,0.0,No opinion,0.0,,,,,,,,,MATH 237,Winter 2017
Assigned Work Amount,192,Was the amount of assigned work required for the course appropriate?,4.676470588235294,0.8780345901688481,Too much,1.0,Somewhat too much,4.0,Right amount,28.0,Somewhat too little,0.0,Too little,1.0,No opinion,1.0,,,,,,,,,MATH 237,Winter 2017
Hours Per Week,193,"On average, how many hours per week did you spend on this course outside of lectures?",5.333333333333333,2.461126339126632,0-2 hours,3.0,3-6 hours,24.0,7-10 hours,8.0,11-15 houts,1.0,> 15 hours,0.0,,,,,,,,,,,MATH 237,Winter 2017
Metrics,,,,,,,,,,,,,,,,,,,,,,,,,MATH 237,Winter 2017
Metric Title,Metric Description,Metric Value,Metric Calculation,,,,,,,,,,,,,,,,,,,,,,MATH 237,Winter 2017
Tompa Score,Computed Tompa Score (also acts as evaluate prof score),4.1142512838468726,(@avg(177)*0.8+@avg(188)*0.2)*0.25 + ((@avg(178)+@avg(179)+@avg(180)+@avg(181)+@avg(182))/5.0)*0.25 + (@avg(184)*0.2+@avg(185)*0.8)*0.5,,,,,,,,,,,,,,,,,,,,,,MATH 237,Winter 2017
Effectiveness,Computed effectiveness score,4.094117647058824,@avg(184)*0.2+@avg(185)*0.8,,,,,,,,,,,,,,,,,,,,,,MATH 237,Winter 2017
Delivery,Computed delivery score,4.258611111111112,(@avg(178)+@avg(179)+@avg(180)+@avg(181)+@avg(182))/5.0,,,,,,,,,,,,,,,,,,,,,,MATH 237,Winter 2017
Prep,Computed prep score,4.0101587301587305,@avg(177)*0.8+@avg(188)*0.2,,,,,,,,,,,,,,,,,,,,,,MATH 237,Winter 2017
Attendance Percentage,Average response for attendance,79.44444444444444,@avg(187),,,,,,,,,,,,,,,,,,,,,,MATH 237,Winter 2017
Hours/Week,Average time spent per week on work,5.333333333333333,@avg(193),,,,,,,,,,,,,,,,,,,,,,MATH 237,Winter 2017
Organization,177,Evaluate the organization and coherence of the lectures:,4.098039215686274,0.8545151130503031,Excellent,19.0,Good,20.0,Satisfactory,10.0,Unsatisfactory,2.0,Very poor,0.0,No opinion,0.0,,,,,,,,,MATH 237,Fall 2017
Explanations,178,At what levels were the instructor's explanations aimed?:,4.607843137254902,0.7504247163453245,Too high,1.0,Somewhat too high,7.0,Just Right,38.0,Somewhat too low,5.0,Too low,0.0,No opinion,0.0,,,,,,,,,MATH 237,Fall 2017
Questions,179,Evaluate the instructor's treatment of students' questions:,4.2745098039215685,0.7504247163453247,Excellent,23.0,Good,19.0,Satisfactory,9.0,Unsatisfactory,0.0,Very poor,0.0,No opinion,0.0,,,,,,,,,MATH 237,Fall 2017
Visual Presentation,180,"Evaluate the effectiveness of the instructor's visual presentation (blackboard, overheads, etc.):",4.078431372549019,0.8909127287204274,Excellent,19.0,Good,20.0,Satisfactory,9.0,Unsatisfactory,3.0,Very poor,0.0,No opinion,0.0,,,,,,,,,MATH 237,Fall 2017
Oral Presentation,181,Evaluate the effectiveness of the instructor's oral presentation:,4.117647058823529,0.8636448071639036,Excellent,20.0,Good,19.0,Satisfactory,10.0,Unsatisfactory,2.0,Very poor,0.0,No opinion,0.0,,,,,,,,,MATH 237,Fall 2017
Availability,182,Was the instructor available for help outside of class?:,4.588235294117647,0.7014118687516404,Available,24.0,Usually available,6.0,Sometimes available,4.0,Rarely available,0.0,Unavailable,0.0,Did not seek help,16.0,,,,,,,,,MATH 237,Fall 2017
Ability to hold Interest,184,Did you find the course interesting?,3.5416666666666665,1.0907411755575829,Very interesting,16.0,Interesting,26.0,Not interesting,6.0,No opinion,3.0,,,,,,,,,,,,,MATH 237,Fall 2017
Effectiveness,185,Evaluate the overall effectiveness of the instructor as a teacher:,4.137254901960785,0.9169429173757164,Excellent,22.0,Good,17.0,Satisfactory,9.0,Unsatisfactory,3.0,Very poor,0.0,No opinion,0.0,,,,,,,,,MATH 237,Fall 2017
Attendance,187,What proportion of lectures did you attend in this course?,79.9,18.196489905967006,90-100%,33.0,75-90%,10.0,50-75%,4.0,25-50%,3.0,<25%,0.0,,,,,,,,,,,MATH 237,Fall 2017
Assigned Work,188,"Was the assigned work (assignments, projects, etc.) helpful in learning the course content?",4.040816326530612,1.040015698468646,Very helpful,26.0,Helpful,22.0,Not helpful,1.0,No work assigned,0.0,,,,,,,,,,,,,MATH 237,Fall 2017
Printed Notes,189,Were the printed notes (if any) helpful in learning the course content?,4.064516129032258,1.0625592962581034,Very helpful,17.0,Helpful,13.0,Not helpful,1.0,No printed notes,18.0,,,,,,,,,,,,,MATH 237,Fall 2017
Textbook,190,Was the required textbook (if any) helpful in learning the course content?,4.088888888888889,1.1041702401314388,Very helpful,26.0,Helpful,16.0,Not helpful,3.0,No text required,5.0,,,,,,,,,,,,,MATH 237,Fall 2017
New Material,191,Did the course introduce an appropriate amount of new material?,4.64,0.7761758689832071,Too much,3.0,Somewhat too much,9.0,Right amount,38.0,Somewhat too little,0.0,Too little,0.0,No opinion,0.0,,,,,,,,,MATH 237,Fall 2017
Assigned Work Amount,192,Was the amount of assigned work required for the course appropriate?,4.84,0.5095015571464867,Too much,1.0,Somewhat too much,5.0,Right amount,44.0,Somewhat too little,0.0,Too little,0.0,No opinion,0.0,,,,,,,,,MATH 237,Fall 2017
Hours Per Week,193,"On average, how many hours per week did you spend on this course outside of lectures?",5.24,2.924631496061529,0-2 hours,7.0,3-6 hours,31.0,7-10 hours,9.0,11-15 houts,3.0,> 15 hours,0.0,,,,,,,,,,,MATH 237,Fall 2017
Metrics,,,,,,,,,,,,,,,,,,,,,,,,,MATH 237,Fall 2017
Metric Title,Metric Description,Metric Value,Metric Calculation,,,,,,,,,,,,,,,,,,,,,,MATH 237,Fall 2017
Tompa Score,Computed Tompa Score (also acts as evaluate prof score),4.114050620248099,(@avg(177)*0.8+@avg(188)*0.2)*0.25 + ((@avg(178)+@avg(179)+@avg(180)+@avg(181)+@avg(182))/5.0)*0.25 + (@avg(184)*0.2+@avg(185)*0.8)*0.5,,,,,,,,,,,,,,,,,,,,,,MATH 237,Fall 2017
Effectiveness,Computed effectiveness score,4.018137254901961,@avg(184)*0.2+@avg(185)*0.8,,,,,,,,,,,,,,,,,,,,,,MATH 237,Fall 2017
Delivery,Computed delivery score,4.333333333333333,(@avg(178)+@avg(179)+@avg(180)+@avg(181)+@avg(182))/5.0,,,,,,,,,,,,,,,,,,,,,,MATH 237,Fall 2017
Prep,Computed prep score,4.086594637855142,@avg(177)*0.8+@avg(188)*0.2,,,,,,,,,,,,,,,,,,,,,,MATH 237,Fall 2017
Attendance Percentage,Average response for attendance,79.9,@avg(187),,,,,,,,,,,,,,,,,,,,,,MATH 237,Fall 2017
Hours/Week,Average time spent per week on work,5.24,@avg(193),,,,,,,,,,,,,,,,,,,,,,MATH 237,Fall 2017
